config,label,lidar,spectral,featureset,seed,macro_f1,macro_recall,macro_precision,mean_iou,overall_accuracy,in_channels,git_commit,class,precision,recall,f1,iou,support
fld_nolidar_leafon,fld,nolidar,leafon,nolidar_leafon,0,0.7874,0.8207,0.77555,0.6549,0.8107,21,cad2392-dirty,WET,0.6233,0.8437,0.7169,0.5587,2494572
fld_nolidar_leafon,fld,nolidar,leafon,nolidar_leafon,0,0.7874,0.8207,0.77555,0.6549,0.8107,21,cad2392-dirty,UPL,0.9278,0.7977,0.8579,0.7511,6287252
fld_nolidar_leafon,fld,nolidar,leafon,nolidar_leafon,1,0.8472,0.8423,0.8525499999999999,0.7411,0.8785,21,cad2392-dirty,WET,0.7968,0.76,0.778,0.6366,4221055
fld_nolidar_leafon,fld,nolidar,leafon,nolidar_leafon,1,0.8472,0.8423,0.8525499999999999,0.7411,0.8785,21,cad2392-dirty,UPL,0.9083,0.9246,0.9164,0.8457,10852225
fld_nolidar_leafon,fld,nolidar,leafon,nolidar_leafon,2,0.8591,0.86915,0.85075,0.7581,0.8857,21,cad2392-dirty,WET,0.7657,0.833,0.7979,0.6638,2521084
fld_nolidar_leafon,fld,nolidar,leafon,nolidar_leafon,2,0.8591,0.86915,0.85075,0.7581,0.8857,21,cad2392-dirty,UPL,0.9358,0.9053,0.9203,0.8524,6785028
fld_nolidar_leafon,fld,nolidar,leafon,nolidar_leafon,3,0.7935,0.7857000000000001,0.80355,0.6668,0.8317,21,cad2392-dirty,WET,0.7421,0.671,0.7048,0.5441,4511978
fld_nolidar_leafon,fld,nolidar,leafon,nolidar_leafon,3,0.7935,0.7857000000000001,0.80355,0.6668,0.8317,21,cad2392-dirty,UPL,0.865,0.9004,0.8823,0.7894,10561302
fld_nolidar_leafon,fld,nolidar,leafon,nolidar_leafon,4,0.8512,0.8570500000000001,0.8459000000000001,0.7466,0.8802,21,cad2392-dirty,WET,0.7657,0.8063,0.7855,0.6467,3994168
fld_nolidar_leafon,fld,nolidar,leafon,nolidar_leafon,4,0.8512,0.8570500000000001,0.8459000000000001,0.7466,0.8802,21,cad2392-dirty,UPL,0.9261,0.9078,0.9169,0.8465,10685896
fld_nolidar_leafoff,fld,nolidar,leafoff,nolidar_leafoff,0,0.8204,0.8298,0.8129,0.7019,0.8498,25,cad2392-dirty,WET,0.715,0.7836,0.7477,0.5971,2494572
fld_nolidar_leafoff,fld,nolidar,leafoff,nolidar_leafoff,0,0.8204,0.8298,0.8129,0.7019,0.8498,25,cad2392-dirty,UPL,0.9108,0.876,0.8931,0.8068,6287252
fld_nolidar_leafoff,fld,nolidar,leafoff,nolidar_leafoff,1,0.8509,0.85815,0.8446,0.7457,0.8773,25,cad2392-dirty,WET,0.7633,0.8145,0.7881,0.6503,4221055
fld_nolidar_leafoff,fld,nolidar,leafoff,nolidar_leafoff,1,0.8509,0.85815,0.8446,0.7457,0.8773,25,cad2392-dirty,UPL,0.9259,0.9018,0.9137,0.8411,10852225
fld_nolidar_leafoff,fld,nolidar,leafoff,nolidar_leafoff,2,0.8543,0.86395,0.8462000000000001,0.751,0.8819,25,cad2392-dirty,WET,0.7597,0.8248,0.7909,0.6541,2521084
fld_nolidar_leafoff,fld,nolidar,leafoff,nolidar_leafoff,2,0.8543,0.86395,0.8462000000000001,0.751,0.8819,25,cad2392-dirty,UPL,0.9327,0.9031,0.9177,0.8479,6785028
fld_nolidar_leafoff,fld,nolidar,leafoff,nolidar_leafoff,3,0.8079,0.7874,0.84515,0.6876,0.8513,25,cad2392-dirty,WET,0.834,0.6282,0.7166,0.5583,4511978
fld_nolidar_leafoff,fld,nolidar,leafoff,nolidar_leafoff,3,0.8079,0.7874,0.84515,0.6876,0.8513,25,cad2392-dirty,UPL,0.8563,0.9466,0.8992,0.8168,10561302
fld_nolidar_leafoff,fld,nolidar,leafoff,nolidar_leafoff,4,0.85,0.8474999999999999,0.8527,0.7455,0.8821,25,cad2392-dirty,WET,0.79,0.7716,0.7807,0.6403,3994168
fld_nolidar_leafoff,fld,nolidar,leafoff,nolidar_leafoff,4,0.85,0.8474999999999999,0.8527,0.7455,0.8821,25,cad2392-dirty,UPL,0.9154,0.9234,0.9193,0.8507,10685896
fld_chmret_leafon,fld,chmret,leafon,chmret_leafon,0,0.7869,0.8133,0.7748999999999999,0.655,0.8132,25,cad2392-dirty,WET,0.6332,0.8135,0.7121,0.5529,2494572
fld_chmret_leafon,fld,chmret,leafon,chmret_leafon,0,0.7869,0.8133,0.7748999999999999,0.655,0.8132,25,cad2392-dirty,UPL,0.9166,0.8131,0.8617,0.757,6287252
fld_chmret_leafon,fld,chmret,leafon,chmret_leafon,1,0.8432,0.84575,0.8407,0.7348,0.8726,25,cad2392-dirty,WET,0.7659,0.7848,0.7752,0.633,4221055
fld_chmret_leafon,fld,chmret,leafon,chmret_leafon,1,0.8432,0.84575,0.8407,0.7348,0.8726,25,cad2392-dirty,UPL,0.9155,0.9067,0.9111,0.8367,10852225
fld_chmret_leafon,fld,chmret,leafon,chmret_leafon,2,0.8268,0.8384499999999999,0.81765,0.7116,0.8585,25,cad2392-dirty,WET,0.7149,0.7947,0.7527,0.6034,2521084
fld_chmret_leafon,fld,chmret,leafon,chmret_leafon,2,0.8268,0.8384499999999999,0.81765,0.7116,0.8585,25,cad2392-dirty,UPL,0.9204,0.8822,0.9009,0.8197,6785028
fld_chmret_leafon,fld,chmret,leafon,chmret_leafon,3,0.8184,0.8011999999999999,0.8458,0.7011,0.8568,25,cad2392-dirty,WET,0.8246,0.6626,0.7348,0.5808,4511978
fld_chmret_leafon,fld,chmret,leafon,chmret_leafon,3,0.8184,0.8011999999999999,0.8458,0.7011,0.8568,25,cad2392-dirty,UPL,0.867,0.9398,0.9019,0.8214,10561302
fld_chmret_leafon,fld,chmret,leafon,chmret_leafon,4,0.8401,0.8444499999999999,0.8361000000000001,0.7308,0.8718,25,cad2392-dirty,WET,0.754,0.7846,0.769,0.6247,3994168
fld_chmret_leafon,fld,chmret,leafon,chmret_leafon,4,0.8401,0.8444499999999999,0.8361000000000001,0.7308,0.8718,25,cad2392-dirty,UPL,0.9182,0.9043,0.9112,0.8369,10685896
fld_chmret_leafoff,fld,chmret,leafoff,chmret_leafoff,0,0.8051,0.8271999999999999,0.7928,0.6797,0.8313,29,cad2392-dirty,WET,0.6651,0.8178,0.7336,0.5793,2494572
fld_chmret_leafoff,fld,chmret,leafoff,chmret_leafoff,0,0.8051,0.8271999999999999,0.7928,0.6797,0.8313,29,cad2392-dirty,UPL,0.9205,0.8366,0.8765,0.7802,6287252
fld_chmret_leafoff,fld,chmret,leafoff,chmret_leafoff,1,0.85,0.85175,0.8482000000000001,0.7447,0.8784,29,cad2392-dirty,WET,0.7781,0.7913,0.7847,0.6456,4221055
fld_chmret_leafoff,fld,chmret,leafoff,chmret_leafoff,1,0.85,0.85175,0.8482000000000001,0.7447,0.8784,29,cad2392-dirty,UPL,0.9183,0.9122,0.9153,0.8437,10852225
fld_chmret_leafoff,fld,chmret,leafoff,chmret_leafoff,2,0.8601,0.8664499999999999,0.8544499999999999,0.7597,0.8876,29,cad2392-dirty,WET,0.7771,0.8203,0.7981,0.664,2521084
fld_chmret_leafoff,fld,chmret,leafoff,chmret_leafoff,2,0.8601,0.8664499999999999,0.8544499999999999,0.7597,0.8876,29,cad2392-dirty,UPL,0.9318,0.9126,0.9221,0.8554,6785028
fld_chmret_leafoff,fld,chmret,leafoff,chmret_leafoff,3,0.8233,0.8105500000000001,0.8412,0.7073,0.8581,29,cad2392-dirty,WET,0.8064,0.6921,0.7449,0.5935,4511978
fld_chmret_leafoff,fld,chmret,leafoff,chmret_leafoff,3,0.8233,0.8105500000000001,0.8412,0.7073,0.8581,29,cad2392-dirty,UPL,0.876,0.929,0.9017,0.821,10561302
fld_chmret_leafoff,fld,chmret,leafoff,chmret_leafoff,4,0.8434,0.8457,0.8412999999999999,0.7357,0.8752,29,cad2392-dirty,WET,0.7651,0.781,0.773,0.6299,3994168
fld_chmret_leafoff,fld,chmret,leafoff,chmret_leafoff,4,0.8434,0.8457,0.8412999999999999,0.7357,0.8752,29,cad2392-dirty,UPL,0.9175,0.9104,0.9139,0.8415,10685896
nwi_chmret_leafoff,nwi,chmret,leafoff,chmret_leafoff,0,0.7854,0.7977000000000001,0.77675,0.6546,0.8185,29,cad2392-dirty,WET,0.6586,0.7495,0.7011,0.5398,2494572
nwi_chmret_leafoff,nwi,chmret,leafoff,chmret_leafoff,0,0.7854,0.7977000000000001,0.77675,0.6546,0.8185,29,cad2392-dirty,UPL,0.8949,0.8459,0.8697,0.7694,6287252
nwi_chmret_leafoff,nwi,chmret,leafoff,chmret_leafoff,1,0.8305,0.82455,0.83725,0.7176,0.8658,29,cad2392-dirty,WET,0.7768,0.7308,0.7531,0.604,4221055
nwi_chmret_leafoff,nwi,chmret,leafoff,chmret_leafoff,1,0.8305,0.82455,0.83725,0.7176,0.8658,29,cad2392-dirty,UPL,0.8977,0.9183,0.9079,0.8313,10852225
nwi_chmret_leafoff,nwi,chmret,leafoff,chmret_leafoff,2,0.8437,0.832,0.8584,0.7373,0.8809,29,cad2392-dirty,WET,0.8149,0.7252,0.7675,0.6227,2521084
nwi_chmret_leafoff,nwi,chmret,leafoff,chmret_leafoff,2,0.8437,0.832,0.8584,0.7373,0.8809,29,cad2392-dirty,UPL,0.9019,0.9388,0.92,0.8518,6785028
nwi_chmret_leafoff,nwi,chmret,leafoff,chmret_leafoff,3,0.7804,0.7746500000000001,0.78745,0.6495,0.8198,29,cad2392-dirty,WET,0.7148,0.6622,0.6875,0.5238,4511978
nwi_chmret_leafoff,nwi,chmret,leafoff,chmret_leafoff,3,0.7804,0.7746500000000001,0.78745,0.6495,0.8198,29,cad2392-dirty,UPL,0.8601,0.8871,0.8734,0.7752,10561302
nwi_chmret_leafoff,nwi,chmret,leafoff,chmret_leafoff,4,0.8162,0.81625,0.8160499999999999,0.6979,0.8543,29,cad2392-dirty,WET,0.732,0.7328,0.7324,0.5778,3994168
nwi_chmret_leafoff,nwi,chmret,leafoff,chmret_leafoff,4,0.8162,0.81625,0.8160499999999999,0.6979,0.8543,29,cad2392-dirty,UPL,0.9001,0.8997,0.8999,0.818,10685896
nwiextra_chmret_leafoff,nwiextra,chmret,leafoff,chmret_leafoff,0,0.7671,0.79785,0.7563500000000001,0.6286,0.7929,29,cad2392-dirty,WET,0.6005,0.8093,0.6895,0.5261,2494572
nwiextra_chmret_leafoff,nwiextra,chmret,leafoff,chmret_leafoff,0,0.7671,0.79785,0.7563500000000001,0.6286,0.7929,29,cad2392-dirty,UPL,0.9122,0.7864,0.8447,0.7311,6287252
nwiextra_chmret_leafoff,nwiextra,chmret,leafoff,chmret_leafoff,1,0.8295,0.8309500000000001,0.8281000000000001,0.7156,0.8619,29,cad2392-dirty,WET,0.7498,0.7606,0.7552,0.6067,4221055
nwiextra_chmret_leafoff,nwiextra,chmret,leafoff,chmret_leafoff,1,0.8295,0.8309500000000001,0.8281000000000001,0.7156,0.8619,29,cad2392-dirty,UPL,0.9064,0.9013,0.9038,0.8245,10852225
nwiextra_chmret_leafoff,nwiextra,chmret,leafoff,chmret_leafoff,2,0.8581,0.8621,0.8544,0.7569,0.8866,29,cad2392-dirty,WET,0.7809,0.8085,0.7944,0.6589,2521084
nwiextra_chmret_leafoff,nwiextra,chmret,leafoff,chmret_leafoff,2,0.8581,0.8621,0.8544,0.7569,0.8866,29,cad2392-dirty,UPL,0.9279,0.9157,0.9217,0.8549,6785028
nwiextra_chmret_leafoff,nwiextra,chmret,leafoff,chmret_leafoff,3,0.8215,0.83125,0.8141499999999999,0.7025,0.846,29,cad2392-dirty,WET,0.7202,0.7943,0.7554,0.6069,4511978
nwiextra_chmret_leafoff,nwiextra,chmret,leafoff,chmret_leafoff,3,0.8215,0.83125,0.8141499999999999,0.7025,0.846,29,cad2392-dirty,UPL,0.9081,0.8682,0.8877,0.798,10561302
nwiextra_chmret_leafoff,nwiextra,chmret,leafoff,chmret_leafoff,4,0.8015,0.8220000000000001,0.789,0.6761,0.8331,29,cad2392-dirty,WET,0.66,0.7976,0.7223,0.5653,3994168
nwiextra_chmret_leafoff,nwiextra,chmret,leafoff,chmret_leafoff,4,0.8015,0.8220000000000001,0.789,0.6761,0.8331,29,cad2392-dirty,UPL,0.918,0.8464,0.8807,0.7869,10685896
nwifield_chmret_leafoff,nwifield,chmret,leafoff,chmret_leafoff,0,0.8177,0.84685,0.8039499999999999,0.6965,0.84,29,cad2392-dirty,WET,0.6694,0.8627,0.7539,0.605,2494572
nwifield_chmret_leafoff,nwifield,chmret,leafoff,chmret_leafoff,0,0.8177,0.84685,0.8039499999999999,0.6965,0.84,29,cad2392-dirty,UPL,0.9385,0.831,0.8815,0.788,6287252
nwifield_chmret_leafoff,nwifield,chmret,leafoff,chmret_leafoff,1,0.8471,0.8639,0.8352999999999999,0.7396,0.8712,29,cad2392-dirty,WET,0.7338,0.8474,0.7865,0.6481,4221055
nwifield_chmret_leafoff,nwifield,chmret,leafoff,chmret_leafoff,1,0.8471,0.8639,0.8352999999999999,0.7396,0.8712,29,cad2392-dirty,UPL,0.9368,0.8804,0.9078,0.8311,10852225
nwifield_chmret_leafoff,nwifield,chmret,leafoff,chmret_leafoff,2,0.8694,0.878,0.862,0.7735,0.8945,29,cad2392-dirty,WET,0.7844,0.842,0.8122,0.6838,2521084
nwifield_chmret_leafoff,nwifield,chmret,leafoff,chmret_leafoff,2,0.8694,0.878,0.862,0.7735,0.8945,29,cad2392-dirty,UPL,0.9396,0.914,0.9267,0.8633,6785028
nwifield_chmret_leafoff,nwifield,chmret,leafoff,chmret_leafoff,3,0.8328,0.8181499999999999,0.85395,0.7205,0.8664,29,cad2392-dirty,WET,0.8288,0.6979,0.7577,0.61,4511978
nwifield_chmret_leafoff,nwifield,chmret,leafoff,chmret_leafoff,3,0.8328,0.8181499999999999,0.85395,0.7205,0.8664,29,cad2392-dirty,UPL,0.8791,0.9384,0.9078,0.8311,10561302
nwifield_chmret_leafoff,nwifield,chmret,leafoff,chmret_leafoff,4,0.8419,0.8618,0.8286,0.7324,0.8681,29,cad2392-dirty,WET,0.7181,0.848,0.7777,0.6362,3994168
nwifield_chmret_leafoff,nwifield,chmret,leafoff,chmret_leafoff,4,0.8419,0.8618,0.8286,0.7324,0.8681,29,cad2392-dirty,UPL,0.9391,0.8756,0.9062,0.8285,10685896
flddeg_chmret_leafoff,flddeg,chmret,leafoff,chmret_leafoff,0,0.7975,0.8228500000000001,0.78505,0.6692,0.8231,29,cad2392-dirty,WET,0.649,0.8221,0.7253,0.569,2494572
flddeg_chmret_leafoff,flddeg,chmret,leafoff,chmret_leafoff,0,0.7975,0.8228500000000001,0.78505,0.6692,0.8231,29,cad2392-dirty,UPL,0.9211,0.8236,0.8696,0.7693,6287252
flddeg_chmret_leafoff,flddeg,chmret,leafoff,chmret_leafoff,1,0.84,0.83375,0.8471,0.731,0.8734,29,cad2392-dirty,WET,0.7916,0.7437,0.7669,0.622,4221055
flddeg_chmret_leafoff,flddeg,chmret,leafoff,chmret_leafoff,1,0.84,0.83375,0.8471,0.731,0.8734,29,cad2392-dirty,UPL,0.9026,0.9238,0.9131,0.8401,10852225
flddeg_chmret_leafoff,flddeg,chmret,leafoff,chmret_leafoff,2,0.8585,0.85785,0.85915,0.7578,0.8884,29,cad2392-dirty,WET,0.7957,0.7912,0.7934,0.6576,2521084
flddeg_chmret_leafoff,flddeg,chmret,leafoff,chmret_leafoff,2,0.8585,0.85785,0.85915,0.7578,0.8884,29,cad2392-dirty,UPL,0.9226,0.9245,0.9236,0.858,6785028
flddeg_chmret_leafoff,flddeg,chmret,leafoff,chmret_leafoff,3,0.8186,0.8005,0.84825,0.7015,0.8576,29,cad2392-dirty,WET,0.8306,0.6584,0.7345,0.5804,4511978
flddeg_chmret_leafoff,flddeg,chmret,leafoff,chmret_leafoff,3,0.8186,0.8005,0.84825,0.7015,0.8576,29,cad2392-dirty,UPL,0.8659,0.9426,0.9027,0.8226,10561302
flddeg_chmret_leafoff,flddeg,chmret,leafoff,chmret_leafoff,4,0.8492,0.85235,0.84615,0.7439,0.8794,29,cad2392-dirty,WET,0.7706,0.7929,0.7816,0.6415,3994168
flddeg_chmret_leafoff,flddeg,chmret,leafoff,chmret_leafoff,4,0.8492,0.85235,0.84615,0.7439,0.8794,29,cad2392-dirty,UPL,0.9217,0.9118,0.9167,0.8463,10685896
