config,seed,class,channel_index,geomorphon_value,geomorphon_form,mean_abs_shap
fld_chmret_leafoff,0,WET,0,1,flat,5.182278619031422e-05
fld_chmret_leafoff,0,WET,1,2,peak,4.2506944737397134e-06
fld_chmret_leafoff,0,WET,2,3,ridge,1.8124390408047475e-05
fld_chmret_leafoff,0,WET,3,4,shoulder,2.9723081752308644e-05
fld_chmret_leafoff,0,WET,4,5,spur,1.8346361684962176e-05
fld_chmret_leafoff,0,WET,5,6,slope,5.8698340581031516e-05
fld_chmret_leafoff,0,WET,6,7,hollow,2.3011005396256223e-05
fld_chmret_leafoff,0,WET,7,8,footslope,3.094492421951145e-05
fld_chmret_leafoff,0,WET,8,9,valley,2.6338671887060627e-05
fld_chmret_leafoff,0,WET,9,10,pit,5.970973234070698e-06
fld_chmret_leafoff,0,UPL,0,1,flat,4.7158820962067693e-05
fld_chmret_leafoff,0,UPL,1,2,peak,4.058311787957791e-06
fld_chmret_leafoff,0,UPL,2,3,ridge,1.746559064486064e-05
fld_chmret_leafoff,0,UPL,3,4,shoulder,2.6935242203762755e-05
fld_chmret_leafoff,0,UPL,4,5,spur,1.7936376025318168e-05
fld_chmret_leafoff,0,UPL,5,6,slope,5.530210182769224e-05
fld_chmret_leafoff,0,UPL,6,7,hollow,2.1805501091876067e-05
fld_chmret_leafoff,0,UPL,7,8,footslope,2.8824118999182247e-05
fld_chmret_leafoff,0,UPL,8,9,valley,2.5758232368389145e-05
fld_chmret_leafoff,0,UPL,9,10,pit,5.919078830629587e-06
fld_chmret_leafoff,0,overall,0,1,flat,4.949080175720155e-05
fld_chmret_leafoff,0,overall,1,2,peak,4.154503130848752e-06
fld_chmret_leafoff,0,overall,2,3,ridge,1.779499143594876e-05
fld_chmret_leafoff,0,overall,3,4,shoulder,2.83291628875304e-05
fld_chmret_leafoff,0,overall,4,5,spur,1.8141368855140172e-05
fld_chmret_leafoff,0,overall,5,6,slope,5.700022302335128e-05
fld_chmret_leafoff,0,overall,6,7,hollow,2.2408254153560847e-05
fld_chmret_leafoff,0,overall,7,8,footslope,2.988452251884155e-05
fld_chmret_leafoff,0,overall,8,9,valley,2.6048452127724886e-05
fld_chmret_leafoff,0,overall,9,10,pit,5.945025804976467e-06
fld_chmret_leafoff,1,WET,0,1,flat,4.3519023165572435e-05
fld_chmret_leafoff,1,WET,1,2,peak,3.727809598785825e-06
fld_chmret_leafoff,1,WET,2,3,ridge,1.1695212378981523e-05
fld_chmret_leafoff,1,WET,3,4,shoulder,1.7042792023858055e-05
fld_chmret_leafoff,1,WET,4,5,spur,1.1770757737394888e-05
fld_chmret_leafoff,1,WET,5,6,slope,4.486185571295209e-05
fld_chmret_leafoff,1,WET,6,7,hollow,1.5513982361881062e-05
fld_chmret_leafoff,1,WET,7,8,footslope,2.11140577448532e-05
fld_chmret_leafoff,1,WET,8,9,valley,1.8038968846667558e-05
fld_chmret_leafoff,1,WET,9,10,pit,3.752875272766687e-06
fld_chmret_leafoff,1,UPL,0,1,flat,4.7447803808609024e-05
fld_chmret_leafoff,1,UPL,1,2,peak,4.108257599000353e-06
fld_chmret_leafoff,1,UPL,2,3,ridge,1.2424873602867592e-05
fld_chmret_leafoff,1,UPL,3,4,shoulder,1.8029719285550527e-05
fld_chmret_leafoff,1,UPL,4,5,spur,1.254777998838108e-05
fld_chmret_leafoff,1,UPL,5,6,slope,4.791110404767096e-05
fld_chmret_leafoff,1,UPL,6,7,hollow,1.594979767105542e-05
fld_chmret_leafoff,1,UPL,7,8,footslope,2.178841532440856e-05
fld_chmret_leafoff,1,UPL,8,9,valley,1.8055074178846553e-05
fld_chmret_leafoff,1,UPL,9,10,pit,3.709051497935434e-06
fld_chmret_leafoff,1,overall,0,1,flat,4.548341530608013e-05
fld_chmret_leafoff,1,overall,1,2,peak,3.918033598893089e-06
fld_chmret_leafoff,1,overall,2,3,ridge,1.2060043445671909e-05
fld_chmret_leafoff,1,overall,3,4,shoulder,1.753625474520959e-05
fld_chmret_leafoff,1,overall,4,5,spur,1.2159269317635335e-05
fld_chmret_leafoff,1,overall,5,6,slope,4.638647806132212e-05
fld_chmret_leafoff,1,overall,6,7,hollow,1.5731890016468242e-05
fld_chmret_leafoff,1,overall,7,8,footslope,2.145123653463088e-05
fld_chmret_leafoff,1,overall,8,9,valley,1.8047021512757055e-05
fld_chmret_leafoff,1,overall,9,10,pit,3.7309632716642227e-06
fld_chmret_leafoff,2,WET,0,1,flat,4.446226739673875e-05
fld_chmret_leafoff,2,WET,1,2,peak,2.9544621611421462e-06
fld_chmret_leafoff,2,WET,2,3,ridge,1.2971029718755744e-05
fld_chmret_leafoff,2,WET,3,4,shoulder,9.454077371628955e-06
fld_chmret_leafoff,2,WET,4,5,spur,2.0685056369984522e-05
fld_chmret_leafoff,2,WET,5,6,slope,5.361133298720233e-05
fld_chmret_leafoff,2,WET,6,7,hollow,1.7383237718604505e-05
fld_chmret_leafoff,2,WET,7,8,footslope,2.8247737645870075e-05
fld_chmret_leafoff,2,WET,8,9,valley,2.7590673198574223e-05
fld_chmret_leafoff,2,WET,9,10,pit,5.326331120159011e-06
fld_chmret_leafoff,2,UPL,0,1,flat,5.636565765598789e-05
fld_chmret_leafoff,2,UPL,1,2,peak,3.2857399219210492e-06
fld_chmret_leafoff,2,UPL,2,3,ridge,1.4190734873409383e-05
fld_chmret_leafoff,2,UPL,3,4,shoulder,1.1010656635335181e-05
fld_chmret_leafoff,2,UPL,4,5,spur,2.3075124772731215e-05
fld_chmret_leafoff,2,UPL,5,6,slope,6.077863508835435e-05
fld_chmret_leafoff,2,UPL,6,7,hollow,1.9031936972169206e-05
fld_chmret_leafoff,2,UPL,7,8,footslope,3.247513450332917e-05
fld_chmret_leafoff,2,UPL,8,9,valley,2.945976120827254e-05
fld_chmret_leafoff,2,UPL,9,10,pit,5.5961249927349854e-06
fld_chmret_leafoff,2,overall,0,1,flat,5.041396070737392e-05
fld_chmret_leafoff,2,overall,1,2,peak,3.1201011552184355e-06
fld_chmret_leafoff,2,overall,2,3,ridge,1.3580882296082564e-05
fld_chmret_leafoff,2,overall,3,4,shoulder,1.0232366548734717e-05
fld_chmret_leafoff,2,overall,4,5,spur,2.188009057135787e-05
fld_chmret_leafoff,2,overall,5,6,slope,5.7194985856767744e-05
fld_chmret_leafoff,2,overall,6,7,hollow,1.8207587345386855e-05
fld_chmret_leafoff,2,overall,7,8,footslope,3.0361436074599624e-05
fld_chmret_leafoff,2,overall,8,9,valley,2.852521720342338e-05
fld_chmret_leafoff,2,overall,9,10,pit,5.461228283820674e-06
fld_chmret_leafoff,3,WET,0,1,flat,4.525139956967905e-05
fld_chmret_leafoff,3,WET,1,2,peak,6.81456594975316e-06
fld_chmret_leafoff,3,WET,2,3,ridge,1.304519082623301e-05
fld_chmret_leafoff,3,WET,3,4,shoulder,1.5178567082330119e-05
fld_chmret_leafoff,3,WET,4,5,spur,1.883083677967079e-05
fld_chmret_leafoff,3,WET,5,6,slope,5.027504084864631e-05
fld_chmret_leafoff,3,WET,6,7,hollow,2.3326127120526507e-05
fld_chmret_leafoff,3,WET,7,8,footslope,3.09706520056352e-05
fld_chmret_leafoff,3,WET,8,9,valley,3.673278115456924e-05
fld_chmret_leafoff,3,WET,9,10,pit,7.0194828367675655e-06
fld_chmret_leafoff,3,UPL,0,1,flat,4.0595979953650385e-05
fld_chmret_leafoff,3,UPL,1,2,peak,5.672394763678312e-06
fld_chmret_leafoff,3,UPL,2,3,ridge,1.0955163816106506e-05
fld_chmret_leafoff,3,UPL,3,4,shoulder,1.253700156667037e-05
fld_chmret_leafoff,3,UPL,4,5,spur,1.6064415831351653e-05
fld_chmret_leafoff,3,UPL,5,6,slope,4.27432096330449e-05
fld_chmret_leafoff,3,UPL,6,7,hollow,1.9088782210019417e-05
fld_chmret_leafoff,3,UPL,7,8,footslope,2.757335278147366e-05
fld_chmret_leafoff,3,UPL,8,9,valley,3.036682028323412e-05
fld_chmret_leafoff,3,UPL,9,10,pit,6.044997462595347e-06
fld_chmret_leafoff,3,overall,0,1,flat,4.292368976166472e-05
fld_chmret_leafoff,3,overall,1,2,peak,6.2434801293420605e-06
fld_chmret_leafoff,3,overall,2,3,ridge,1.2000176866422407e-05
fld_chmret_leafoff,3,overall,3,4,shoulder,1.3857784324500244e-05
fld_chmret_leafoff,3,overall,4,5,spur,1.744762630551122e-05
fld_chmret_leafoff,3,overall,5,6,slope,4.6509125240845606e-05
fld_chmret_leafoff,3,overall,6,7,hollow,2.1207455574767664e-05
fld_chmret_leafoff,3,overall,7,8,footslope,2.9272003303049132e-05
fld_chmret_leafoff,3,overall,8,9,valley,3.354980071890168e-05
fld_chmret_leafoff,3,overall,9,10,pit,6.532240149681456e-06
fld_chmret_leafoff,4,WET,0,1,flat,4.5758537453366444e-05
fld_chmret_leafoff,4,WET,1,2,peak,3.241588728997158e-06
fld_chmret_leafoff,4,WET,2,3,ridge,1.401022745994851e-05
fld_chmret_leafoff,4,WET,3,4,shoulder,1.2563546988531016e-05
fld_chmret_leafoff,4,WET,4,5,spur,1.8916853150585666e-05
fld_chmret_leafoff,4,WET,5,6,slope,4.2626481445040554e-05
fld_chmret_leafoff,4,WET,6,7,hollow,2.197628236899618e-05
fld_chmret_leafoff,4,WET,7,8,footslope,2.6343826903030276e-05
fld_chmret_leafoff,4,WET,8,9,valley,3.00716874335194e-05
fld_chmret_leafoff,4,WET,9,10,pit,3.6846668081125244e-06
fld_chmret_leafoff,4,UPL,0,1,flat,5.1871338655473664e-05
fld_chmret_leafoff,4,UPL,1,2,peak,4.120443918509409e-06
fld_chmret_leafoff,4,UPL,2,3,ridge,1.73383486981038e-05
fld_chmret_leafoff,4,UPL,3,4,shoulder,1.4650344382971525e-05
fld_chmret_leafoff,4,UPL,4,5,spur,2.355250035179779e-05
fld_chmret_leafoff,4,UPL,5,6,slope,5.06302276335191e-05
fld_chmret_leafoff,4,UPL,6,7,hollow,2.622228566906415e-05
fld_chmret_leafoff,4,UPL,7,8,footslope,3.0236149541451596e-05
fld_chmret_leafoff,4,UPL,8,9,valley,3.632236257544719e-05
fld_chmret_leafoff,4,UPL,9,10,pit,4.639951839635614e-06
fld_chmret_leafoff,4,overall,0,1,flat,4.8814938054420054e-05
fld_chmret_leafoff,4,overall,1,2,peak,3.6810163237532834e-06
fld_chmret_leafoff,4,overall,2,3,ridge,1.5674288079026155e-05
fld_chmret_leafoff,4,overall,3,4,shoulder,1.360694568575127e-05
fld_chmret_leafoff,4,overall,4,5,spur,2.1234676751191728e-05
fld_chmret_leafoff,4,overall,5,6,slope,4.662835272029042e-05
fld_chmret_leafoff,4,overall,6,7,hollow,2.4099284928524867e-05
fld_chmret_leafoff,4,overall,7,8,footslope,2.8289989131735638e-05
fld_chmret_leafoff,4,overall,8,9,valley,3.3197025913977996e-05
fld_chmret_leafoff,4,overall,9,10,pit,4.162309323874069e-06
fld_chmret_leafon,0,WET,0,1,flat,0.00010208787716692314
fld_chmret_leafon,0,WET,1,2,peak,5.25732821188285e-06
fld_chmret_leafon,0,WET,2,3,ridge,3.070718958042562e-05
fld_chmret_leafon,0,WET,3,4,shoulder,4.7042023652466014e-05
fld_chmret_leafon,0,WET,4,5,spur,3.315616413601674e-05
fld_chmret_leafon,0,WET,5,6,slope,8.926734153646976e-05
fld_chmret_leafon,0,WET,6,7,hollow,3.4705350117292255e-05
fld_chmret_leafon,0,WET,7,8,footslope,5.445275382953696e-05
fld_chmret_leafon,0,WET,8,9,valley,5.340297502698377e-05
fld_chmret_leafon,0,WET,9,10,pit,9.673365639173426e-06
fld_chmret_leafon,0,UPL,0,1,flat,7.481208740500733e-05
fld_chmret_leafon,0,UPL,1,2,peak,3.890396328642964e-06
fld_chmret_leafon,0,UPL,2,3,ridge,2.2698981410940178e-05
fld_chmret_leafon,0,UPL,3,4,shoulder,3.397605905774981e-05
fld_chmret_leafon,0,UPL,4,5,spur,2.4997843866003677e-05
fld_chmret_leafon,0,UPL,5,6,slope,6.701897655148059e-05
fld_chmret_leafon,0,UPL,6,7,hollow,2.6154148144996725e-05
fld_chmret_leafon,0,UPL,7,8,footslope,3.976284642703831e-05
fld_chmret_leafon,0,UPL,8,9,valley,3.9825012208893895e-05
fld_chmret_leafon,0,UPL,9,10,pit,7.273544724739622e-06
fld_chmret_leafon,0,overall,0,1,flat,8.844998228596523e-05
fld_chmret_leafon,0,overall,1,2,peak,4.573862497636583e-06
fld_chmret_leafon,0,overall,2,3,ridge,2.6703084586188197e-05
fld_chmret_leafon,0,overall,3,4,shoulder,4.050903953611851e-05
fld_chmret_leafon,0,overall,4,5,spur,2.907700400101021e-05
fld_chmret_leafon,0,overall,5,6,slope,7.814315904397517e-05
fld_chmret_leafon,0,overall,6,7,hollow,3.0429750040639192e-05
fld_chmret_leafon,0,overall,7,8,footslope,4.710780194727704e-05
fld_chmret_leafon,0,overall,8,9,valley,4.661399361793883e-05
fld_chmret_leafon,0,overall,9,10,pit,8.473454727209173e-06
fld_chmret_leafon,1,WET,0,1,flat,6.296351057244465e-05
fld_chmret_leafon,1,WET,1,2,peak,2.8934869078511838e-06
fld_chmret_leafon,1,WET,2,3,ridge,1.8179602193413302e-05
fld_chmret_leafon,1,WET,3,4,shoulder,2.4295508410432376e-05
fld_chmret_leafon,1,WET,4,5,spur,1.4279792594606988e-05
fld_chmret_leafon,1,WET,5,6,slope,5.3888790716882795e-05
fld_chmret_leafon,1,WET,6,7,hollow,1.934421743499115e-05
fld_chmret_leafon,1,WET,7,8,footslope,2.6793170036398806e-05
fld_chmret_leafon,1,WET,8,9,valley,2.4517761630704626e-05
fld_chmret_leafon,1,WET,9,10,pit,4.34973571827868e-06
fld_chmret_leafon,1,UPL,0,1,flat,3.8464258977910504e-05
fld_chmret_leafon,1,UPL,1,2,peak,1.862148565123789e-06
fld_chmret_leafon,1,UPL,2,3,ridge,1.2040573892591055e-05
fld_chmret_leafon,1,UPL,3,4,shoulder,1.5165544937190134e-05
fld_chmret_leafon,1,UPL,4,5,spur,9.531153409625404e-06
fld_chmret_leafon,1,UPL,5,6,slope,3.5268818464828655e-05
fld_chmret_leafon,1,UPL,6,7,hollow,1.2843511285609566e-05
fld_chmret_leafon,1,UPL,7,8,footslope,1.6550551663385704e-05
fld_chmret_leafon,1,UPL,8,9,valley,1.58274906425504e-05
fld_chmret_leafon,1,UPL,9,10,pit,2.8879253477498423e-06
fld_chmret_leafon,1,overall,0,1,flat,5.071388295618817e-05
fld_chmret_leafon,1,overall,1,2,peak,2.3778177364874864e-06
fld_chmret_leafon,1,overall,2,3,ridge,1.511008849774953e-05
fld_chmret_leafon,1,overall,3,4,shoulder,1.9730527128558606e-05
fld_chmret_leafon,1,overall,4,5,spur,1.1905473002116196e-05
fld_chmret_leafon,1,overall,5,6,slope,4.457880277186632e-05
fld_chmret_leafon,1,overall,6,7,hollow,1.609386526979506e-05
fld_chmret_leafon,1,overall,7,8,footslope,2.1671861759386957e-05
fld_chmret_leafon,1,overall,8,9,valley,2.0172625227132812e-05
fld_chmret_leafon,1,overall,9,10,pit,3.618830533014261e-06
fld_chmret_leafon,2,WET,0,1,flat,7.122968236217275e-05
fld_chmret_leafon,2,WET,1,2,peak,4.134356458962429e-06
fld_chmret_leafon,2,WET,2,3,ridge,1.7277350707445294e-05
fld_chmret_leafon,2,WET,3,4,shoulder,1.8341657778364606e-05
fld_chmret_leafon,2,WET,4,5,spur,2.1077899873489514e-05
fld_chmret_leafon,2,WET,5,6,slope,7.04107151250355e-05
fld_chmret_leafon,2,WET,6,7,hollow,2.9870623620809056e-05
fld_chmret_leafon,2,WET,7,8,footslope,4.7382967750309035e-05
fld_chmret_leafon,2,WET,8,9,valley,4.114803596166894e-05
fld_chmret_leafon,2,WET,9,10,pit,7.442592959705507e-06
fld_chmret_leafon,2,UPL,0,1,flat,5.1019123930018395e-05
fld_chmret_leafon,2,UPL,1,2,peak,2.7923574634769466e-06
fld_chmret_leafon,2,UPL,2,3,ridge,1.1351116881996859e-05
fld_chmret_leafon,2,UPL,3,4,shoulder,1.253668415301945e-05
fld_chmret_leafon,2,UPL,4,5,spur,1.386222993460251e-05
fld_chmret_leafon,2,UPL,5,6,slope,4.8106390750035644e-05
fld_chmret_leafon,2,UPL,6,7,hollow,1.936991247930564e-05
fld_chmret_leafon,2,UPL,7,8,footslope,3.3721815270837396e-05
fld_chmret_leafon,2,UPL,8,9,valley,2.7135256459587254e-05
fld_chmret_leafon,2,UPL,9,10,pit,4.877932042290922e-06
fld_chmret_leafon,2,overall,0,1,flat,6.112440314609557e-05
fld_chmret_leafon,2,overall,1,2,peak,3.463356961219688e-06
fld_chmret_leafon,2,overall,2,3,ridge,1.4314233339973725e-05
fld_chmret_leafon,2,overall,3,4,shoulder,1.543917096569203e-05
fld_chmret_leafon,2,overall,4,5,spur,1.7470065358793363e-05
fld_chmret_leafon,2,overall,5,6,slope,5.925855293753557e-05
fld_chmret_leafon,2,overall,6,7,hollow,2.462026895955205e-05
fld_chmret_leafon,2,overall,7,8,footslope,4.055238969158381e-05
fld_chmret_leafon,2,overall,8,9,valley,3.4141645301133394e-05
fld_chmret_leafon,2,overall,9,10,pit,6.160262273624539e-06
fld_chmret_leafon,3,WET,0,1,flat,3.0009838155820034e-05
fld_chmret_leafon,3,WET,1,2,peak,3.542098511388758e-06
fld_chmret_leafon,3,WET,2,3,ridge,8.044157766562421e-06
fld_chmret_leafon,3,WET,3,4,shoulder,1.286480255657807e-05
fld_chmret_leafon,3,WET,4,5,spur,1.1525444278959185e-05
fld_chmret_leafon,3,WET,5,6,slope,3.4700420656008646e-05
fld_chmret_leafon,3,WET,6,7,hollow,1.801843427529093e-05
fld_chmret_leafon,3,WET,7,8,footslope,2.225006937806029e-05
fld_chmret_leafon,3,WET,8,9,valley,2.418596704956144e-05
fld_chmret_leafon,3,WET,9,10,pit,5.833086561324308e-06
fld_chmret_leafon,3,UPL,0,1,flat,3.3160777093144134e-05
fld_chmret_leafon,3,UPL,1,2,peak,3.7745307963632513e-06
fld_chmret_leafon,3,UPL,2,3,ridge,8.513992725056596e-06
fld_chmret_leafon,3,UPL,3,4,shoulder,1.4312297935248353e-05
fld_chmret_leafon,3,UPL,4,5,spur,1.199274993268773e-05
fld_chmret_leafon,3,UPL,5,6,slope,3.6403860576683655e-05
fld_chmret_leafon,3,UPL,6,7,hollow,1.9142526070936583e-05
fld_chmret_leafon,3,UPL,7,8,footslope,2.407658757874742e-05
fld_chmret_leafon,3,UPL,8,9,valley,2.56196508416906e-05
fld_chmret_leafon,3,UPL,9,10,pit,6.131274858489633e-06
fld_chmret_leafon,3,overall,0,1,flat,3.158530671498738e-05
fld_chmret_leafon,3,overall,1,2,peak,3.6583146538760047e-06
fld_chmret_leafon,3,overall,2,3,ridge,8.27907570055686e-06
fld_chmret_leafon,3,overall,3,4,shoulder,1.3588550245913211e-05
fld_chmret_leafon,3,overall,4,5,spur,1.1759097105823457e-05
fld_chmret_leafon,3,overall,5,6,slope,3.555214061634615e-05
fld_chmret_leafon,3,overall,6,7,hollow,1.8580480173113756e-05
fld_chmret_leafon,3,overall,7,8,footslope,2.3163327568909153e-05
fld_chmret_leafon,3,overall,8,9,valley,2.490280894562602e-05
fld_chmret_leafon,3,overall,9,10,pit,5.982180482533295e-06
fld_chmret_leafon,4,WET,0,1,flat,6.378984835464507e-05
fld_chmret_leafon,4,WET,1,2,peak,3.3538970001245616e-06
fld_chmret_leafon,4,WET,2,3,ridge,1.7201808077516034e-05
fld_chmret_leafon,4,WET,3,4,shoulder,1.5436615285580046e-05
fld_chmret_leafon,4,WET,4,5,spur,2.1009169358876534e-05
fld_chmret_leafon,4,WET,5,6,slope,4.538046050583944e-05
fld_chmret_leafon,4,WET,6,7,hollow,2.1842821297468618e-05
fld_chmret_leafon,4,WET,7,8,footslope,3.0199971661204472e-05
fld_chmret_leafon,4,WET,8,9,valley,3.759193350560963e-05
fld_chmret_leafon,4,WET,9,10,pit,5.106219759909436e-06
fld_chmret_leafon,4,UPL,0,1,flat,4.7464400267926976e-05
fld_chmret_leafon,4,UPL,1,2,peak,3.3220080695173237e-06
fld_chmret_leafon,4,UPL,2,3,ridge,1.6630048776278272e-05
fld_chmret_leafon,4,UPL,3,4,shoulder,1.2119726306991652e-05
fld_chmret_leafon,4,UPL,4,5,spur,1.9679639081005007e-05
fld_chmret_leafon,4,UPL,5,6,slope,3.870509681291878e-05
fld_chmret_leafon,4,UPL,6,7,hollow,1.8949174773297273e-05
fld_chmret_leafon,4,UPL,7,8,footslope,2.3603746740263887e-05
fld_chmret_leafon,4,UPL,8,9,valley,3.287608706159517e-05
fld_chmret_leafon,4,UPL,9,10,pit,4.954145424562739e-06
fld_chmret_leafon,4,overall,0,1,flat,5.562712613027543e-05
fld_chmret_leafon,4,overall,1,2,peak,3.337952421134105e-06
fld_chmret_leafon,4,overall,2,3,ridge,1.6915928426897153e-05
fld_chmret_leafon,4,overall,3,4,shoulder,1.3778170796285849e-05
fld_chmret_leafon,4,overall,4,5,spur,2.034440331044607e-05
fld_chmret_leafon,4,overall,5,6,slope,4.204277865937911e-05
fld_chmret_leafon,4,overall,6,7,hollow,2.0395997125888243e-05
fld_chmret_leafon,4,overall,7,8,footslope,2.690186011022888e-05
fld_chmret_leafon,4,overall,8,9,valley,3.52340102836024e-05
fld_chmret_leafon,4,overall,9,10,pit,5.030182364862412e-06
fld_nolidar_leafoff,0,WET,0,1,flat,5.781713480246253e-05
fld_nolidar_leafoff,0,WET,1,2,peak,4.2879914872173686e-06
fld_nolidar_leafoff,0,WET,2,3,ridge,1.9416602299315855e-05
fld_nolidar_leafoff,0,WET,3,4,shoulder,3.085629941779189e-05
fld_nolidar_leafoff,0,WET,4,5,spur,1.5443754818988964e-05
fld_nolidar_leafoff,0,WET,5,6,slope,5.1451410399749875e-05
fld_nolidar_leafoff,0,WET,6,7,hollow,1.7660713638179004e-05
fld_nolidar_leafoff,0,WET,7,8,footslope,3.0828032322460786e-05
fld_nolidar_leafoff,0,WET,8,9,valley,2.8829736038460396e-05
fld_nolidar_leafoff,0,WET,9,10,pit,4.962032107869163e-06
fld_nolidar_leafoff,0,UPL,0,1,flat,4.3832085793837905e-05
fld_nolidar_leafoff,0,UPL,1,2,peak,3.394960003788583e-06
fld_nolidar_leafoff,0,UPL,2,3,ridge,1.6217938537010923e-05
fld_nolidar_leafoff,0,UPL,3,4,shoulder,2.2117259504739195e-05
fld_nolidar_leafoff,0,UPL,4,5,spur,1.3056940588285215e-05
fld_nolidar_leafoff,0,UPL,5,6,slope,4.0447761421091855e-05
fld_nolidar_leafoff,0,UPL,6,7,hollow,1.3871331248083152e-05
fld_nolidar_leafoff,0,UPL,7,8,footslope,2.3005533876130357e-05
fld_nolidar_leafoff,0,UPL,8,9,valley,2.254811261082068e-05
fld_nolidar_leafoff,0,UPL,9,10,pit,3.9763299355399795e-06
fld_nolidar_leafoff,0,overall,0,1,flat,5.0824608479160815e-05
fld_nolidar_leafoff,0,overall,1,2,peak,3.8414755181293e-06
fld_nolidar_leafoff,0,overall,2,3,ridge,1.781727041816339e-05
fld_nolidar_leafoff,0,overall,3,4,shoulder,2.648677946126554e-05
fld_nolidar_leafoff,0,overall,4,5,spur,1.425034770363709e-05
fld_nolidar_leafoff,0,overall,5,6,slope,4.5949585910420865e-05
fld_nolidar_leafoff,0,overall,6,7,hollow,1.5766021533636376e-05
fld_nolidar_leafoff,0,overall,7,8,footslope,2.691678309929557e-05
fld_nolidar_leafoff,0,overall,8,9,valley,2.568892523413524e-05
fld_nolidar_leafoff,0,overall,9,10,pit,4.469181021704571e-06
fld_nolidar_leafoff,1,WET,0,1,flat,0.00010283270239597186
fld_nolidar_leafoff,1,WET,1,2,peak,5.477914783114102e-06
fld_nolidar_leafoff,1,WET,2,3,ridge,2.6034129405161366e-05
fld_nolidar_leafoff,1,WET,3,4,shoulder,2.886523179768119e-05
fld_nolidar_leafoff,1,WET,4,5,spur,2.591411248431541e-05
fld_nolidar_leafoff,1,WET,5,6,slope,7.676322275074199e-05
fld_nolidar_leafoff,1,WET,6,7,hollow,3.164686495438218e-05
fld_nolidar_leafoff,1,WET,7,8,footslope,3.756687146960758e-05
fld_nolidar_leafoff,1,WET,8,9,valley,4.265301686245948e-05
fld_nolidar_leafoff,1,WET,9,10,pit,7.468520379916299e-06
fld_nolidar_leafoff,1,UPL,0,1,flat,7.062131771817803e-05
fld_nolidar_leafoff,1,UPL,1,2,peak,3.873415153066162e-06
fld_nolidar_leafoff,1,UPL,2,3,ridge,1.830418113968335e-05
fld_nolidar_leafoff,1,UPL,3,4,shoulder,2.0128822143306024e-05
fld_nolidar_leafoff,1,UPL,4,5,spur,1.8331258615944535e-05
fld_nolidar_leafoff,1,UPL,5,6,slope,5.4822350648464635e-05
fld_nolidar_leafoff,1,UPL,6,7,hollow,2.2723772417521104e-05
fld_nolidar_leafoff,1,UPL,7,8,footslope,2.5988387278630398e-05
fld_nolidar_leafoff,1,UPL,8,9,valley,2.994552232848946e-05
fld_nolidar_leafoff,1,UPL,9,10,pit,5.289252840157133e-06
fld_nolidar_leafoff,1,overall,0,1,flat,8.672701369505376e-05
fld_nolidar_leafoff,1,overall,1,2,peak,4.675664968090132e-06
fld_nolidar_leafoff,1,overall,2,3,ridge,2.216915527242236e-05
fld_nolidar_leafoff,1,overall,3,4,shoulder,2.4497026970493607e-05
fld_nolidar_leafoff,1,overall,4,5,spur,2.2122685550129972e-05
fld_nolidar_leafoff,1,overall,5,6,slope,6.579278851859272e-05
fld_nolidar_leafoff,1,overall,6,7,hollow,2.7185318685951643e-05
fld_nolidar_leafoff,1,overall,7,8,footslope,3.1777628464624286e-05
fld_nolidar_leafoff,1,overall,8,9,valley,3.629926868597977e-05
fld_nolidar_leafoff,1,overall,9,10,pit,6.378886610036716e-06
fld_nolidar_leafoff,2,WET,0,1,flat,8.660912135383114e-05
fld_nolidar_leafoff,2,WET,1,2,peak,4.971769158146344e-06
fld_nolidar_leafoff,2,WET,2,3,ridge,1.9567258277675137e-05
fld_nolidar_leafoff,2,WET,3,4,shoulder,1.5730913219158538e-05
fld_nolidar_leafoff,2,WET,4,5,spur,2.486636549292598e-05
fld_nolidar_leafoff,2,WET,5,6,slope,8.660655294079334e-05
fld_nolidar_leafoff,2,WET,6,7,hollow,3.259647564846091e-05
fld_nolidar_leafoff,2,WET,7,8,footslope,5.5859010899439454e-05
fld_nolidar_leafoff,2,WET,8,9,valley,4.206591620459221e-05
fld_nolidar_leafoff,2,WET,9,10,pit,6.849777946627e-06
fld_nolidar_leafoff,2,UPL,0,1,flat,6.443764868890867e-05
fld_nolidar_leafoff,2,UPL,1,2,peak,3.4114484606107e-06
fld_nolidar_leafoff,2,UPL,2,3,ridge,1.3171023056202102e-05
fld_nolidar_leafoff,2,UPL,3,4,shoulder,1.1429247933847364e-05
fld_nolidar_leafoff,2,UPL,4,5,spur,1.6664307622704655e-05
fld_nolidar_leafoff,2,UPL,5,6,slope,6.182779907248914e-05
fld_nolidar_leafoff,2,UPL,6,7,hollow,2.2720541892340407e-05
fld_nolidar_leafoff,2,UPL,7,8,footslope,4.1974399209721014e-05
fld_nolidar_leafoff,2,UPL,8,9,valley,2.945222149719484e-05
fld_nolidar_leafoff,2,UPL,9,10,pit,4.813343366549816e-06
fld_nolidar_leafoff,2,overall,0,1,flat,7.55233850213699e-05
fld_nolidar_leafoff,2,overall,1,2,peak,4.191608695691684e-06
fld_nolidar_leafoff,2,overall,2,3,ridge,1.636914021219127e-05
fld_nolidar_leafoff,2,overall,3,4,shoulder,1.35800801217556e-05
fld_nolidar_leafoff,2,overall,4,5,spur,2.0765335648320615e-05
fld_nolidar_leafoff,2,overall,5,6,slope,7.421717600664124e-05
fld_nolidar_leafoff,2,overall,6,7,hollow,2.7658508770400658e-05
fld_nolidar_leafoff,2,overall,7,8,footslope,4.891670687356964e-05
fld_nolidar_leafoff,2,overall,8,9,valley,3.575906885089353e-05
fld_nolidar_leafoff,2,overall,9,10,pit,5.831560883962084e-06
fld_nolidar_leafoff,3,WET,0,1,flat,3.8400248740799725e-05
fld_nolidar_leafoff,3,WET,1,2,peak,3.7407971831271425e-06
fld_nolidar_leafoff,3,WET,2,3,ridge,8.445103048870806e-06
fld_nolidar_leafoff,3,WET,3,4,shoulder,1.0943855158984661e-05
fld_nolidar_leafoff,3,WET,4,5,spur,1.5901090591796674e-05
fld_nolidar_leafoff,3,WET,5,6,slope,3.84404047508724e-05
fld_nolidar_leafoff,3,WET,6,7,hollow,1.729037285258528e-05
fld_nolidar_leafoff,3,WET,7,8,footslope,2.381148442509584e-05
fld_nolidar_leafoff,3,WET,8,9,valley,2.9159240511944517e-05
fld_nolidar_leafoff,3,WET,9,10,pit,5.6123544709407724e-06
fld_nolidar_leafoff,3,UPL,0,1,flat,4.073981835972518e-05
fld_nolidar_leafoff,3,UPL,1,2,peak,3.908798134943936e-06
fld_nolidar_leafoff,3,UPL,2,3,ridge,8.828643331071362e-06
fld_nolidar_leafoff,3,UPL,3,4,shoulder,1.1341457138769329e-05
fld_nolidar_leafoff,3,UPL,4,5,spur,1.585124664416071e-05
fld_nolidar_leafoff,3,UPL,5,6,slope,4.1740240703802556e-05
fld_nolidar_leafoff,3,UPL,6,7,hollow,1.7327502064290456e-05
fld_nolidar_leafoff,3,UPL,7,8,footslope,2.5518675101920962e-05
fld_nolidar_leafoff,3,UPL,8,9,valley,3.0570161470677704e-05
fld_nolidar_leafoff,3,UPL,9,10,pit,5.921371666772757e-06
fld_nolidar_leafoff,3,overall,0,1,flat,3.957003355026245e-05
fld_nolidar_leafoff,3,overall,1,2,peak,3.824797659035539e-06
fld_nolidar_leafoff,3,overall,2,3,ridge,8.636872735223733e-06
fld_nolidar_leafoff,3,overall,3,4,shoulder,1.1142656148876995e-05
fld_nolidar_leafoff,3,overall,4,5,spur,1.5876168617978692e-05
fld_nolidar_leafoff,3,overall,5,6,slope,4.009032272733748e-05
fld_nolidar_leafoff,3,overall,6,7,hollow,1.7308937458437867e-05
fld_nolidar_leafoff,3,overall,7,8,footslope,2.4665079763508402e-05
fld_nolidar_leafoff,3,overall,8,9,valley,2.986470099131111e-05
fld_nolidar_leafoff,3,overall,9,10,pit,5.766863068856765e-06
fld_nolidar_leafoff,4,WET,0,1,flat,8.638938015792519e-05
fld_nolidar_leafoff,4,WET,1,2,peak,3.78591857952415e-06
fld_nolidar_leafoff,4,WET,2,3,ridge,1.964344846783206e-05
fld_nolidar_leafoff,4,WET,3,4,shoulder,1.5610236005159095e-05
fld_nolidar_leafoff,4,WET,4,5,spur,1.9423479898250662e-05
fld_nolidar_leafoff,4,WET,5,6,slope,6.503720942419022e-05
fld_nolidar_leafoff,4,WET,6,7,hollow,3.053951513720676e-05
fld_nolidar_leafoff,4,WET,7,8,footslope,4.06692415708676e-05
fld_nolidar_leafoff,4,WET,8,9,valley,4.4906810217071325e-05
fld_nolidar_leafoff,4,WET,9,10,pit,5.5441664699174e-06
fld_nolidar_leafoff,4,UPL,0,1,flat,6.7290042352397e-05
fld_nolidar_leafoff,4,UPL,1,2,peak,3.862608537019696e-06
fld_nolidar_leafoff,4,UPL,2,3,ridge,1.8625447410158813e-05
fld_nolidar_leafoff,4,UPL,3,4,shoulder,1.2870502359874081e-05
fld_nolidar_leafoff,4,UPL,4,5,spur,1.9026894733542576e-05
fld_nolidar_leafoff,4,UPL,5,6,slope,5.8332090702606365e-05
fld_nolidar_leafoff,4,UPL,6,7,hollow,2.6546007575234398e-05
fld_nolidar_leafoff,4,UPL,7,8,footslope,3.2925981940934435e-05
fld_nolidar_leafoff,4,UPL,8,9,valley,3.970221951021813e-05
fld_nolidar_leafoff,4,UPL,9,10,pit,5.167260496818926e-06
fld_nolidar_leafoff,4,overall,0,1,flat,7.68397148931399e-05
fld_nolidar_leafoff,4,overall,1,2,peak,3.824263330898248e-06
fld_nolidar_leafoff,4,overall,2,3,ridge,1.9134447938995436e-05
fld_nolidar_leafoff,4,overall,3,4,shoulder,1.4240369637263939e-05
fld_nolidar_leafoff,4,overall,4,5,spur,1.9225186406401917e-05
fld_nolidar_leafoff,4,overall,5,6,slope,6.16846518823877e-05
fld_nolidar_leafoff,4,overall,6,7,hollow,2.854276135622058e-05
fld_nolidar_leafoff,4,overall,7,8,footslope,3.679760993691161e-05
fld_nolidar_leafoff,4,overall,8,9,valley,4.230451304465532e-05
fld_nolidar_leafoff,4,overall,9,10,pit,5.3557132559944876e-06
fld_nolidar_leafon,0,WET,0,1,flat,7.572725735371932e-05
fld_nolidar_leafon,0,WET,1,2,peak,2.879823114199098e-06
fld_nolidar_leafon,0,WET,2,3,ridge,1.827518099162262e-05
fld_nolidar_leafon,0,WET,3,4,shoulder,3.5500223020790145e-05
fld_nolidar_leafon,0,WET,4,5,spur,2.5771276341401972e-05
fld_nolidar_leafon,0,WET,5,6,slope,7.168747833929956e-05
fld_nolidar_leafon,0,WET,6,7,hollow,2.6889825676335022e-05
fld_nolidar_leafon,0,WET,7,8,footslope,5.088997568236664e-05
fld_nolidar_leafon,0,WET,8,9,valley,4.0457980503560975e-05
fld_nolidar_leafon,0,WET,9,10,pit,7.430675850628177e-06
fld_nolidar_leafon,0,UPL,0,1,flat,6.376166857080534e-05
fld_nolidar_leafon,0,UPL,1,2,peak,2.498386038496392e-06
fld_nolidar_leafon,0,UPL,2,3,ridge,1.5843486835365184e-05
fld_nolidar_leafon,0,UPL,3,4,shoulder,2.9985318178660236e-05
fld_nolidar_leafon,0,UPL,4,5,spur,2.3014017642708495e-05
fld_nolidar_leafon,0,UPL,5,6,slope,6.451100489357486e-05
fld_nolidar_leafon,0,UPL,6,7,hollow,2.4274824681924656e-05
fld_nolidar_leafon,0,UPL,7,8,footslope,4.2753708839882165e-05
fld_nolidar_leafon,0,UPL,8,9,valley,3.5426033718977123e-05
fld_nolidar_leafon,0,UPL,9,10,pit,6.60822115605697e-06
fld_nolidar_leafon,0,overall,0,1,flat,6.974446296226233e-05
fld_nolidar_leafon,0,overall,1,2,peak,2.689104576347745e-06
fld_nolidar_leafon,0,overall,2,3,ridge,1.70593339134939e-05
fld_nolidar_leafon,0,overall,3,4,shoulder,3.274276969023049e-05
fld_nolidar_leafon,0,overall,4,5,spur,2.4392647901549935e-05
fld_nolidar_leafon,0,overall,5,6,slope,6.80992379784584e-05
fld_nolidar_leafon,0,overall,6,7,hollow,2.558232517912984e-05
fld_nolidar_leafon,0,overall,7,8,footslope,4.68218422611244e-05
fld_nolidar_leafon,0,overall,8,9,valley,3.794200893025845e-05
fld_nolidar_leafon,0,overall,9,10,pit,7.019448275968898e-06
fld_nolidar_leafon,1,WET,0,1,flat,0.00013029180990997702
fld_nolidar_leafon,1,WET,1,2,peak,4.895152869721642e-06
fld_nolidar_leafon,1,WET,2,3,ridge,1.992369652725756e-05
fld_nolidar_leafon,1,WET,3,4,shoulder,3.822204962489195e-05
fld_nolidar_leafon,1,WET,4,5,spur,2.9589766199933365e-05
fld_nolidar_leafon,1,WET,5,6,slope,0.0001104401089833118
fld_nolidar_leafon,1,WET,6,7,hollow,3.349119288031943e-05
fld_nolidar_leafon,1,WET,7,8,footslope,5.2819894335698336e-05
fld_nolidar_leafon,1,WET,8,9,valley,4.961789818480611e-05
fld_nolidar_leafon,1,WET,9,10,pit,6.583310550922761e-06
fld_nolidar_leafon,1,UPL,0,1,flat,0.00011027786240447313
fld_nolidar_leafon,1,UPL,1,2,peak,4.2588212636474054e-06
fld_nolidar_leafon,1,UPL,2,3,ridge,1.7145894162240438e-05
fld_nolidar_leafon,1,UPL,3,4,shoulder,3.268718865001574e-05
fld_nolidar_leafon,1,UPL,4,5,spur,2.5569606805220246e-05
fld_nolidar_leafon,1,UPL,5,6,slope,9.53444468905218e-05
fld_nolidar_leafon,1,UPL,6,7,hollow,2.954628689622041e-05
fld_nolidar_leafon,1,UPL,7,8,footslope,4.539976725936867e-05
fld_nolidar_leafon,1,UPL,8,9,valley,4.476918184082024e-05
fld_nolidar_leafon,1,UPL,9,10,pit,5.97411371927592e-06
fld_nolidar_leafon,1,overall,0,1,flat,0.00012028483615722507
fld_nolidar_leafon,1,overall,1,2,peak,4.576987066684524e-06
fld_nolidar_leafon,1,overall,2,3,ridge,1.8534796254243702e-05
fld_nolidar_leafon,1,overall,3,4,shoulder,3.545462095644325e-05
fld_nolidar_leafon,1,overall,4,5,spur,2.7579686502576806e-05
fld_nolidar_leafon,1,overall,5,6,slope,0.0001028922779369168
fld_nolidar_leafon,1,overall,6,7,hollow,3.151873897877522e-05
fld_nolidar_leafon,1,overall,7,8,footslope,4.910983261652291e-05
fld_nolidar_leafon,1,overall,8,9,valley,4.719354183180258e-05
fld_nolidar_leafon,1,overall,9,10,pit,6.27871213509934e-06
fld_nolidar_leafon,2,WET,0,1,flat,4.9366295570507646e-05
fld_nolidar_leafon,2,WET,1,2,peak,3.15280158247333e-06
fld_nolidar_leafon,2,WET,2,3,ridge,1.2859568414569367e-05
fld_nolidar_leafon,2,WET,3,4,shoulder,2.1726857085013762e-05
fld_nolidar_leafon,2,WET,4,5,spur,1.6847065126057714e-05
fld_nolidar_leafon,2,WET,5,6,slope,7.608740997966379e-05
fld_nolidar_leafon,2,WET,6,7,hollow,2.9665077818208374e-05
fld_nolidar_leafon,2,WET,7,8,footslope,3.086041397182271e-05
fld_nolidar_leafon,2,WET,8,9,valley,2.7085543479188345e-05
fld_nolidar_leafon,2,WET,9,10,pit,5.1745646487688646e-06
fld_nolidar_leafon,2,UPL,0,1,flat,5.16477957717143e-05
fld_nolidar_leafon,2,UPL,1,2,peak,3.9042652133503e-06
fld_nolidar_leafon,2,UPL,2,3,ridge,1.5410061678267084e-05
fld_nolidar_leafon,2,UPL,3,4,shoulder,2.2234251446207054e-05
fld_nolidar_leafon,2,UPL,4,5,spur,2.0684607079601847e-05
fld_nolidar_leafon,2,UPL,5,6,slope,8.355359022971243e-05
fld_nolidar_leafon,2,UPL,6,7,hollow,3.6003122659167275e-05
fld_nolidar_leafon,2,UPL,7,8,footslope,3.297720104455948e-05
fld_nolidar_leafon,2,UPL,8,9,valley,3.2166597520699725e-05
fld_nolidar_leafon,2,UPL,9,10,pit,6.19099591858685e-06
fld_nolidar_leafon,2,overall,0,1,flat,5.050704567111097e-05
fld_nolidar_leafon,2,overall,1,2,peak,3.528533397911815e-06
fld_nolidar_leafon,2,overall,2,3,ridge,1.4134815501165576e-05
fld_nolidar_leafon,2,overall,3,4,shoulder,2.198055517510511e-05
fld_nolidar_leafon,2,overall,4,5,spur,1.8765837012324482e-05
fld_nolidar_leafon,2,overall,5,6,slope,7.982050010468811e-05
fld_nolidar_leafon,2,overall,6,7,hollow,3.2834101148182526e-05
fld_nolidar_leafon,2,overall,7,8,footslope,3.1918807508191094e-05
fld_nolidar_leafon,2,overall,8,9,valley,2.9626069590449333e-05
fld_nolidar_leafon,2,overall,9,10,pit,5.682780283677857e-06
fld_nolidar_leafon,3,WET,0,1,flat,2.1308991563273594e-05
fld_nolidar_leafon,3,WET,1,2,peak,2.246285248475033e-06
fld_nolidar_leafon,3,WET,2,3,ridge,6.5220424403378274e-06
fld_nolidar_leafon,3,WET,3,4,shoulder,6.6654924921749625e-06
fld_nolidar_leafon,3,WET,4,5,spur,8.127124601742253e-06
fld_nolidar_leafon,3,WET,5,6,slope,2.6134885047213174e-05
fld_nolidar_leafon,3,WET,6,7,hollow,9.403537660546135e-06
fld_nolidar_leafon,3,WET,7,8,footslope,1.0995503544108942e-05
fld_nolidar_leafon,3,WET,8,9,valley,1.3182696420699358e-05
fld_nolidar_leafon,3,WET,9,10,pit,3.6553694826579886e-06
fld_nolidar_leafon,3,UPL,0,1,flat,2.3592521756654605e-05
fld_nolidar_leafon,3,UPL,1,2,peak,2.0289546682761284e-06
fld_nolidar_leafon,3,UPL,2,3,ridge,5.70185966353165e-06
fld_nolidar_leafon,3,UPL,3,4,shoulder,6.838484750915086e-06
fld_nolidar_leafon,3,UPL,4,5,spur,7.400834874715656e-06
fld_nolidar_leafon,3,UPL,5,6,slope,2.1537473003263585e-05
fld_nolidar_leafon,3,UPL,6,7,hollow,8.390486073039938e-06
fld_nolidar_leafon,3,UPL,7,8,footslope,1.093471837521065e-05
fld_nolidar_leafon,3,UPL,8,9,valley,1.2499885997385718e-05
fld_nolidar_leafon,3,UPL,9,10,pit,3.65179221262224e-06
fld_nolidar_leafon,3,overall,0,1,flat,2.24507566599641e-05
fld_nolidar_leafon,3,overall,1,2,peak,2.1376199583755806e-06
fld_nolidar_leafon,3,overall,2,3,ridge,6.111950824561063e-06
fld_nolidar_leafon,3,overall,3,4,shoulder,6.751988621545024e-06
fld_nolidar_leafon,3,overall,4,5,spur,7.763979738228954e-06
fld_nolidar_leafon,3,overall,5,6,slope,2.383617902523838e-05
fld_nolidar_leafon,3,overall,6,7,hollow,8.897011866793036e-06
fld_nolidar_leafon,3,overall,7,8,footslope,1.0965110959659796e-05
fld_nolidar_leafon,3,overall,8,9,valley,1.2841291209042538e-05
fld_nolidar_leafon,3,overall,9,10,pit,3.6535807339532766e-06
fld_nolidar_leafon,4,WET,0,1,flat,0.00012459854769986123
fld_nolidar_leafon,4,WET,1,2,peak,6.5208123487536795e-06
fld_nolidar_leafon,4,WET,2,3,ridge,2.2057558453525417e-05
fld_nolidar_leafon,4,WET,3,4,shoulder,2.4326398488483392e-05
fld_nolidar_leafon,4,WET,4,5,spur,3.316530637675896e-05
fld_nolidar_leafon,4,WET,5,6,slope,7.713247032370418e-05
fld_nolidar_leafon,4,WET,6,7,hollow,3.3877255191328004e-05
fld_nolidar_leafon,4,WET,7,8,footslope,5.8899149735225365e-05
fld_nolidar_leafon,4,WET,8,9,valley,7.933314191177487e-05
fld_nolidar_leafon,4,WET,9,10,pit,7.780851774441544e-06
fld_nolidar_leafon,4,UPL,0,1,flat,0.00011425446427892894
fld_nolidar_leafon,4,UPL,1,2,peak,6.46037733531557e-06
fld_nolidar_leafon,4,UPL,2,3,ridge,2.156780283257831e-05
fld_nolidar_leafon,4,UPL,3,4,shoulder,2.3132750357035547e-05
fld_nolidar_leafon,4,UPL,4,5,spur,3.236986231058836e-05
fld_nolidar_leafon,4,UPL,5,6,slope,7.464599912054837e-05
fld_nolidar_leafon,4,UPL,6,7,hollow,3.307728184154257e-05
fld_nolidar_leafon,4,UPL,7,8,footslope,5.579360731644556e-05
fld_nolidar_leafon,4,UPL,8,9,valley,7.808379450580105e-05
fld_nolidar_leafon,4,UPL,9,10,pit,7.904483936727047e-06
fld_nolidar_leafon,4,overall,0,1,flat,0.00011942650598939508
fld_nolidar_leafon,4,overall,1,2,peak,6.490594842034625e-06
fld_nolidar_leafon,4,overall,2,3,ridge,2.1812680643051863e-05
fld_nolidar_leafon,4,overall,3,4,shoulder,2.372957533225417e-05
fld_nolidar_leafon,4,overall,4,5,spur,3.276758434367366e-05
fld_nolidar_leafon,4,overall,5,6,slope,7.588923472212628e-05
fld_nolidar_leafon,4,overall,6,7,hollow,3.347727033542469e-05
fld_nolidar_leafon,4,overall,7,8,footslope,5.734637670684606e-05
fld_nolidar_leafon,4,overall,8,9,valley,7.870847184676677e-05
fld_nolidar_leafon,4,overall,9,10,pit,7.842667400836945e-06
flddeg_chmret_leafoff,0,WET,0,1,flat,3.077528526773676e-05
flddeg_chmret_leafoff,0,WET,1,2,peak,3.1941558518155944e-06
flddeg_chmret_leafoff,0,WET,2,3,ridge,1.5850853742449544e-05
flddeg_chmret_leafoff,0,WET,3,4,shoulder,1.5312445611925796e-05
flddeg_chmret_leafoff,0,WET,4,5,spur,1.701712426438462e-05
flddeg_chmret_leafoff,0,WET,5,6,slope,4.754689143737778e-05
flddeg_chmret_leafoff,0,WET,6,7,hollow,1.4398758139577694e-05
flddeg_chmret_leafoff,0,WET,7,8,footslope,1.8784750864142552e-05
flddeg_chmret_leafoff,0,WET,8,9,valley,1.7956790543394163e-05
flddeg_chmret_leafoff,0,WET,9,10,pit,4.451819677342428e-06
flddeg_chmret_leafoff,0,UPL,0,1,flat,2.4610964828752913e-05
flddeg_chmret_leafoff,0,UPL,1,2,peak,2.7056908038503025e-06
flddeg_chmret_leafoff,0,UPL,2,3,ridge,1.3838463928550482e-05
flddeg_chmret_leafoff,0,UPL,3,4,shoulder,1.2011447324766777e-05
flddeg_chmret_leafoff,0,UPL,4,5,spur,1.5134256500459742e-05
flddeg_chmret_leafoff,0,UPL,5,6,slope,3.97118492401205e-05
flddeg_chmret_leafoff,0,UPL,6,7,hollow,1.2377437087707222e-05
flddeg_chmret_leafoff,0,UPL,7,8,footslope,1.5275621990440413e-05
flddeg_chmret_leafoff,0,UPL,8,9,valley,1.616025656403508e-05
flddeg_chmret_leafoff,0,UPL,9,10,pit,4.0920995161286555e-06
flddeg_chmret_leafoff,0,overall,0,1,flat,2.7693124138750136e-05
flddeg_chmret_leafoff,0,overall,1,2,peak,2.9499233278329484e-06
flddeg_chmret_leafoff,0,overall,2,3,ridge,1.4844658835500013e-05
flddeg_chmret_leafoff,0,overall,3,4,shoulder,1.3661946468346287e-05
flddeg_chmret_leafoff,0,overall,4,5,spur,1.607568992767483e-05
flddeg_chmret_leafoff,0,overall,5,6,slope,4.362937033874914e-05
flddeg_chmret_leafoff,0,overall,6,7,hollow,1.3388097613642458e-05
flddeg_chmret_leafoff,0,overall,7,8,footslope,1.7030186427291483e-05
flddeg_chmret_leafoff,0,overall,8,9,valley,1.705852264421992e-05
flddeg_chmret_leafoff,0,overall,9,10,pit,4.271959369361866e-06
flddeg_chmret_leafoff,1,WET,0,1,flat,2.5680297767394222e-05
flddeg_chmret_leafoff,1,WET,1,2,peak,3.0996154691820266e-06
flddeg_chmret_leafoff,1,WET,2,3,ridge,9.486353519605473e-06
flddeg_chmret_leafoff,1,WET,3,4,shoulder,9.579997822584119e-06
flddeg_chmret_leafoff,1,WET,4,5,spur,9.949899322236888e-06
flddeg_chmret_leafoff,1,WET,5,6,slope,2.9969178285682574e-05
flddeg_chmret_leafoff,1,WET,6,7,hollow,1.0761969861050602e-05
flddeg_chmret_leafoff,1,WET,7,8,footslope,1.4011968232807703e-05
flddeg_chmret_leafoff,1,WET,8,9,valley,1.396349398419261e-05
flddeg_chmret_leafoff,1,WET,9,10,pit,3.611721012930502e-06
flddeg_chmret_leafoff,1,UPL,0,1,flat,2.521476744732354e-05
flddeg_chmret_leafoff,1,UPL,1,2,peak,3.0786577553953975e-06
flddeg_chmret_leafoff,1,UPL,2,3,ridge,9.403442163602449e-06
flddeg_chmret_leafoff,1,UPL,3,4,shoulder,9.164715265796985e-06
flddeg_chmret_leafoff,1,UPL,4,5,spur,1.0010760888690129e-05
flddeg_chmret_leafoff,1,UPL,5,6,slope,3.096212458331138e-05
flddeg_chmret_leafoff,1,UPL,6,7,hollow,1.0150995876756497e-05
flddeg_chmret_leafoff,1,UPL,7,8,footslope,1.3240758562460542e-05
flddeg_chmret_leafoff,1,UPL,8,9,valley,1.2644307389564347e-05
flddeg_chmret_leafoff,1,UPL,9,10,pit,3.2467019082105253e-06
flddeg_chmret_leafoff,1,overall,0,1,flat,2.544753260735888e-05
flddeg_chmret_leafoff,1,overall,1,2,peak,3.0891364986018743e-06
flddeg_chmret_leafoff,1,overall,2,3,ridge,9.44489784160396e-06
flddeg_chmret_leafoff,1,overall,3,4,shoulder,9.372356544190552e-06
flddeg_chmret_leafoff,1,overall,4,5,spur,9.980330105463509e-06
flddeg_chmret_leafoff,1,overall,5,6,slope,3.0465651434496976e-05
flddeg_chmret_leafoff,1,overall,6,7,hollow,1.0456482414156199e-05
flddeg_chmret_leafoff,1,overall,7,8,footslope,1.3626363397634123e-05
flddeg_chmret_leafoff,1,overall,8,9,valley,1.3303901141625829e-05
flddeg_chmret_leafoff,1,overall,9,10,pit,3.4292115742573515e-06
flddeg_chmret_leafoff,2,WET,0,1,flat,3.441217995714396e-05
flddeg_chmret_leafoff,2,WET,1,2,peak,2.9019988687650766e-06
flddeg_chmret_leafoff,2,WET,2,3,ridge,1.174964381789323e-05
flddeg_chmret_leafoff,2,WET,3,4,shoulder,8.762406650930643e-06
flddeg_chmret_leafoff,2,WET,4,5,spur,1.8341004761168733e-05
flddeg_chmret_leafoff,2,WET,5,6,slope,4.876298044109717e-05
flddeg_chmret_leafoff,2,WET,6,7,hollow,1.5692767192376778e-05
flddeg_chmret_leafoff,2,WET,7,8,footslope,2.3047319700708613e-05
flddeg_chmret_leafoff,2,WET,8,9,valley,2.5790996005525813e-05
flddeg_chmret_leafoff,2,WET,9,10,pit,5.493877779372269e-06
flddeg_chmret_leafoff,2,UPL,0,1,flat,3.2284569897456095e-05
flddeg_chmret_leafoff,2,UPL,1,2,peak,2.5766169073904166e-06
flddeg_chmret_leafoff,2,UPL,2,3,ridge,1.0300927897333167e-05
flddeg_chmret_leafoff,2,UPL,3,4,shoulder,7.759132131468505e-06
flddeg_chmret_leafoff,2,UPL,4,5,spur,1.645829797780607e-05
flddeg_chmret_leafoff,2,UPL,5,6,slope,4.42015370936133e-05
flddeg_chmret_leafoff,2,UPL,6,7,hollow,1.3822531400364824e-05
flddeg_chmret_leafoff,2,UPL,7,8,footslope,2.0454008335946128e-05
flddeg_chmret_leafoff,2,UPL,8,9,valley,2.2200450985110365e-05
flddeg_chmret_leafoff,2,UPL,9,10,pit,4.750835159939015e-06
flddeg_chmret_leafoff,2,overall,0,1,flat,3.334837674628943e-05
flddeg_chmret_leafoff,2,overall,1,2,peak,2.7393080017645843e-06
flddeg_chmret_leafoff,2,overall,2,3,ridge,1.1025285857613198e-05
flddeg_chmret_leafoff,2,overall,3,4,shoulder,8.260769391199574e-06
flddeg_chmret_leafoff,2,overall,4,5,spur,1.7399652278982103e-05
flddeg_chmret_leafoff,2,overall,5,6,slope,4.6482258767355233e-05
flddeg_chmret_leafoff,2,overall,6,7,hollow,1.47576492963708e-05
flddeg_chmret_leafoff,2,overall,7,8,footslope,2.175066401832737e-05
flddeg_chmret_leafoff,2,overall,8,9,valley,2.3995722585823387e-05
flddeg_chmret_leafoff,2,overall,9,10,pit,5.122356469655642e-06
flddeg_chmret_leafoff,3,WET,0,1,flat,2.176049201807473e-05
flddeg_chmret_leafoff,3,WET,1,2,peak,4.044167326355819e-06
flddeg_chmret_leafoff,3,WET,2,3,ridge,1.048544618242886e-05
flddeg_chmret_leafoff,3,WET,3,4,shoulder,1.002037515718257e-05
flddeg_chmret_leafoff,3,WET,4,5,spur,1.2674910067289602e-05
flddeg_chmret_leafoff,3,WET,5,6,slope,2.9066330171190202e-05
flddeg_chmret_leafoff,3,WET,6,7,hollow,1.3160677553969435e-05
flddeg_chmret_leafoff,3,WET,7,8,footslope,1.7459879018133506e-05
flddeg_chmret_leafoff,3,WET,8,9,valley,2.5983943487517536e-05
flddeg_chmret_leafoff,3,WET,9,10,pit,4.7803655434108805e-06
flddeg_chmret_leafoff,3,UPL,0,1,flat,1.7964102880796418e-05
flddeg_chmret_leafoff,3,UPL,1,2,peak,3.0610128760599764e-06
flddeg_chmret_leafoff,3,UPL,2,3,ridge,8.181569683074486e-06
flddeg_chmret_leafoff,3,UPL,3,4,shoulder,7.619973075634334e-06
flddeg_chmret_leafoff,3,UPL,4,5,spur,9.909201253321953e-06
flddeg_chmret_leafoff,3,UPL,5,6,slope,2.3663211322855204e-05
flddeg_chmret_leafoff,3,UPL,6,7,hollow,1.0324152754037641e-05
flddeg_chmret_leafoff,3,UPL,7,8,footslope,1.4975676094763912e-05
flddeg_chmret_leafoff,3,UPL,8,9,valley,2.0722849512821995e-05
flddeg_chmret_leafoff,3,UPL,9,10,pit,3.90240302294842e-06
flddeg_chmret_leafoff,3,overall,0,1,flat,1.9862298358930275e-05
flddeg_chmret_leafoff,3,overall,1,2,peak,3.55258998752106e-06
flddeg_chmret_leafoff,3,overall,2,3,ridge,9.333507478004321e-06
flddeg_chmret_leafoff,3,overall,3,4,shoulder,8.820174116408452e-06
flddeg_chmret_leafoff,3,overall,4,5,spur,1.1292055205558427e-05
flddeg_chmret_leafoff,3,overall,5,6,slope,2.6364770747022703e-05
flddeg_chmret_leafoff,3,overall,6,7,hollow,1.1742415154003538e-05
flddeg_chmret_leafoff,3,overall,7,8,footslope,1.621777846594341e-05
flddeg_chmret_leafoff,3,overall,8,9,valley,2.3353397409664467e-05
flddeg_chmret_leafoff,3,overall,9,10,pit,4.34138428317965e-06
flddeg_chmret_leafoff,4,WET,0,1,flat,3.185468085575849e-05
flddeg_chmret_leafoff,4,WET,1,2,peak,2.4053429115156177e-06
flddeg_chmret_leafoff,4,WET,2,3,ridge,8.595901817898266e-06
flddeg_chmret_leafoff,4,WET,3,4,shoulder,6.350076546368655e-06
flddeg_chmret_leafoff,4,WET,4,5,spur,9.75893453869503e-06
flddeg_chmret_leafoff,4,WET,5,6,slope,2.5404782718396746e-05
flddeg_chmret_leafoff,4,WET,6,7,hollow,1.0482473953743465e-05
flddeg_chmret_leafoff,4,WET,7,8,footslope,1.7169455531984568e-05
flddeg_chmret_leafoff,4,WET,8,9,valley,2.481212686689105e-05
flddeg_chmret_leafoff,4,WET,9,10,pit,3.356854676894727e-06
flddeg_chmret_leafoff,4,UPL,0,1,flat,3.703375841723755e-05
flddeg_chmret_leafoff,4,UPL,1,2,peak,2.9767415981041268e-06
flddeg_chmret_leafoff,4,UPL,2,3,ridge,1.0526374353503343e-05
flddeg_chmret_leafoff,4,UPL,3,4,shoulder,7.4590666372387204e-06
flddeg_chmret_leafoff,4,UPL,4,5,spur,1.2080727174179628e-05
flddeg_chmret_leafoff,4,UPL,5,6,slope,3.098859451711178e-05
flddeg_chmret_leafoff,4,UPL,6,7,hollow,1.278611489397008e-05
flddeg_chmret_leafoff,4,UPL,7,8,footslope,2.0119803593843244e-05
flddeg_chmret_leafoff,4,UPL,8,9,valley,2.9960641768411733e-05
flddeg_chmret_leafoff,4,UPL,9,10,pit,4.191619154880755e-06
flddeg_chmret_leafoff,4,overall,0,1,flat,3.444421963649802e-05
flddeg_chmret_leafoff,4,overall,1,2,peak,2.6910422548098722e-06
flddeg_chmret_leafoff,4,overall,2,3,ridge,9.561137630953453e-06
flddeg_chmret_leafoff,4,overall,3,4,shoulder,6.904571819177363e-06
flddeg_chmret_leafoff,4,overall,4,5,spur,1.091983085643733e-05
flddeg_chmret_leafoff,4,overall,5,6,slope,2.8196689527248964e-05
flddeg_chmret_leafoff,4,overall,6,7,hollow,1.1634294423856772e-05
flddeg_chmret_leafoff,4,overall,7,8,footslope,1.8644630472408608e-05
flddeg_chmret_leafoff,4,overall,8,9,valley,2.738638431765139e-05
flddeg_chmret_leafoff,4,overall,9,10,pit,3.7742370295745786e-06
nwi_chmret_leafoff,0,WET,0,1,flat,3.702813046402298e-05
nwi_chmret_leafoff,0,WET,1,2,peak,1.4892509625497041e-06
nwi_chmret_leafoff,0,WET,2,3,ridge,8.968067049863748e-06
nwi_chmret_leafoff,0,WET,3,4,shoulder,1.4993413060437888e-05
nwi_chmret_leafoff,0,WET,4,5,spur,7.577194537589094e-06
nwi_chmret_leafoff,0,WET,5,6,slope,2.7857086024596356e-05
nwi_chmret_leafoff,0,WET,6,7,hollow,1.3137670066498686e-05
nwi_chmret_leafoff,0,WET,7,8,footslope,2.2053623979445547e-05
nwi_chmret_leafoff,0,WET,8,9,valley,1.9736944523174316e-05
nwi_chmret_leafoff,0,WET,9,10,pit,3.2204959552473156e-06
nwi_chmret_leafoff,0,UPL,0,1,flat,3.2097297662403435e-05
nwi_chmret_leafoff,0,UPL,1,2,peak,1.3480610050464747e-06
nwi_chmret_leafoff,0,UPL,2,3,ridge,8.102506399154663e-06
nwi_chmret_leafoff,0,UPL,3,4,shoulder,1.2768982742272783e-05
nwi_chmret_leafoff,0,UPL,4,5,spur,7.044274298095843e-06
nwi_chmret_leafoff,0,UPL,5,6,slope,2.531450809328817e-05
nwi_chmret_leafoff,0,UPL,6,7,hollow,1.1887965229107067e-05
nwi_chmret_leafoff,0,UPL,7,8,footslope,2.0277850126149133e-05
nwi_chmret_leafoff,0,UPL,8,9,valley,1.978236105060205e-05
nwi_chmret_leafoff,0,UPL,9,10,pit,3.231537220926839e-06
nwi_chmret_leafoff,0,overall,0,1,flat,3.45627122442238e-05
nwi_chmret_leafoff,0,overall,1,2,peak,1.4186559837980894e-06
nwi_chmret_leafoff,0,overall,2,3,ridge,8.535286724509206e-06
nwi_chmret_leafoff,0,overall,3,4,shoulder,1.3881197446607985e-05
nwi_chmret_leafoff,0,overall,4,5,spur,7.310734417842468e-06
nwi_chmret_leafoff,0,overall,5,6,slope,2.658579614944756e-05
nwi_chmret_leafoff,0,overall,6,7,hollow,1.2512817193055525e-05
nwi_chmret_leafoff,0,overall,7,8,footslope,2.116573705279734e-05
nwi_chmret_leafoff,0,overall,8,9,valley,1.9759652786888182e-05
nwi_chmret_leafoff,0,overall,9,10,pit,3.2260165880870773e-06
nwi_chmret_leafoff,1,WET,0,1,flat,2.2561924197361805e-05
nwi_chmret_leafoff,1,WET,1,2,peak,1.402968564434559e-06
nwi_chmret_leafoff,1,WET,2,3,ridge,5.051530933997128e-06
nwi_chmret_leafoff,1,WET,3,4,shoulder,6.855314040876692e-06
nwi_chmret_leafoff,1,WET,4,5,spur,7.306330189749133e-06
nwi_chmret_leafoff,1,WET,5,6,slope,2.2289043045020662e-05
nwi_chmret_leafoff,1,WET,6,7,hollow,1.1853690011776052e-05
nwi_chmret_leafoff,1,WET,7,8,footslope,1.743543725751806e-05
nwi_chmret_leafoff,1,WET,8,9,valley,1.082149083231343e-05
nwi_chmret_leafoff,1,WET,9,10,pit,2.1962891878501978e-06
nwi_chmret_leafoff,1,UPL,0,1,flat,2.6085781428264454e-05
nwi_chmret_leafoff,1,UPL,1,2,peak,1.7809894643505686e-06
nwi_chmret_leafoff,1,UPL,2,3,ridge,5.640918061544653e-06
nwi_chmret_leafoff,1,UPL,3,4,shoulder,7.842293598514516e-06
nwi_chmret_leafoff,1,UPL,4,5,spur,8.233169864979573e-06
nwi_chmret_leafoff,1,UPL,5,6,slope,2.4416271116933785e-05
nwi_chmret_leafoff,1,UPL,6,7,hollow,1.3082028999633621e-05
nwi_chmret_leafoff,1,UPL,7,8,footslope,1.977083411475178e-05
nwi_chmret_leafoff,1,UPL,8,9,valley,1.2301624337851536e-05
nwi_chmret_leafoff,1,UPL,9,10,pit,2.583712785053649e-06
nwi_chmret_leafoff,1,overall,0,1,flat,2.432385372230783e-05
nwi_chmret_leafoff,1,overall,1,2,peak,1.5919790712359827e-06
nwi_chmret_leafoff,1,overall,2,3,ridge,5.346224497770891e-06
nwi_chmret_leafoff,1,overall,3,4,shoulder,7.348803592321929e-06
nwi_chmret_leafoff,1,overall,4,5,spur,7.769749572617002e-06
nwi_chmret_leafoff,1,overall,5,6,slope,2.3352657080977224e-05
nwi_chmret_leafoff,1,overall,6,7,hollow,1.2467859050957486e-05
nwi_chmret_leafoff,1,overall,7,8,footslope,1.860313568613492e-05
nwi_chmret_leafoff,1,overall,8,9,valley,1.1561557585082483e-05
nwi_chmret_leafoff,1,overall,9,10,pit,2.390001100138761e-06
nwi_chmret_leafoff,2,WET,0,1,flat,1.985293965844903e-05
nwi_chmret_leafoff,2,WET,1,2,peak,1.1407744295865996e-06
nwi_chmret_leafoff,2,WET,2,3,ridge,3.7558043004537467e-06
nwi_chmret_leafoff,2,WET,3,4,shoulder,3.836154064629227e-06
nwi_chmret_leafoff,2,WET,4,5,spur,5.678543857356999e-06
nwi_chmret_leafoff,2,WET,5,6,slope,2.6675490516936406e-05
nwi_chmret_leafoff,2,WET,6,7,hollow,7.5072302934131585e-06
nwi_chmret_leafoff,2,WET,7,8,footslope,1.2155867807450704e-05
nwi_chmret_leafoff,2,WET,8,9,valley,1.2717433492070995e-05
nwi_chmret_leafoff,2,WET,9,10,pit,2.7385253815737087e-06
nwi_chmret_leafoff,2,UPL,0,1,flat,2.3922068066895008e-05
nwi_chmret_leafoff,2,UPL,1,2,peak,1.032568661685218e-06
nwi_chmret_leafoff,2,UPL,2,3,ridge,3.6910248581989435e-06
nwi_chmret_leafoff,2,UPL,3,4,shoulder,3.620247298385948e-06
nwi_chmret_leafoff,2,UPL,4,5,spur,5.698028871847782e-06
nwi_chmret_leafoff,2,UPL,5,6,slope,3.028279752470553e-05
nwi_chmret_leafoff,2,UPL,6,7,hollow,7.60083139539347e-06
nwi_chmret_leafoff,2,UPL,7,8,footslope,1.2098084880562965e-05
nwi_chmret_leafoff,2,UPL,8,9,valley,1.2835072993766516e-05
nwi_chmret_leafoff,2,UPL,9,10,pit,2.659838401086745e-06
nwi_chmret_leafoff,2,overall,0,1,flat,2.1887502953177318e-05
nwi_chmret_leafoff,2,overall,1,2,peak,1.0866715456359088e-06
nwi_chmret_leafoff,2,overall,2,3,ridge,3.7234144656395074e-06
nwi_chmret_leafoff,2,overall,3,4,shoulder,3.7282006815075874e-06
nwi_chmret_leafoff,2,overall,4,5,spur,5.688286364602391e-06
nwi_chmret_leafoff,2,overall,5,6,slope,2.8479144020820968e-05
nwi_chmret_leafoff,2,overall,6,7,hollow,7.55403107177699e-06
nwi_chmret_leafoff,2,overall,7,8,footslope,1.2126976798754185e-05
nwi_chmret_leafoff,2,overall,8,9,valley,1.2776253242918756e-05
nwi_chmret_leafoff,2,overall,9,10,pit,2.6991820050170645e-06
nwi_chmret_leafoff,3,WET,0,1,flat,4.360388629720546e-05
nwi_chmret_leafoff,3,WET,1,2,peak,4.904012257611612e-06
nwi_chmret_leafoff,3,WET,2,3,ridge,1.2816974958695937e-05
nwi_chmret_leafoff,3,WET,3,4,shoulder,1.7699274394544773e-05
nwi_chmret_leafoff,3,WET,4,5,spur,1.4601588190998882e-05
nwi_chmret_leafoff,3,WET,5,6,slope,4.569344673654996e-05
nwi_chmret_leafoff,3,WET,6,7,hollow,2.6418758352519944e-05
nwi_chmret_leafoff,3,WET,7,8,footslope,3.2713367545511574e-05
nwi_chmret_leafoff,3,WET,8,9,valley,3.051987005164847e-05
nwi_chmret_leafoff,3,WET,9,10,pit,6.943543212400982e-06
nwi_chmret_leafoff,3,UPL,0,1,flat,3.7214507756289095e-05
nwi_chmret_leafoff,3,UPL,1,2,peak,3.7725744732597377e-06
nwi_chmret_leafoff,3,UPL,2,3,ridge,9.78118805505801e-06
nwi_chmret_leafoff,3,UPL,3,4,shoulder,1.4249677406041883e-05
nwi_chmret_leafoff,3,UPL,4,5,spur,1.1326115782139823e-05
nwi_chmret_leafoff,3,UPL,5,6,slope,3.798718171310611e-05
nwi_chmret_leafoff,3,UPL,6,7,hollow,2.0820287318201736e-05
nwi_chmret_leafoff,3,UPL,7,8,footslope,2.6975854780175723e-05
nwi_chmret_leafoff,3,UPL,8,9,valley,2.388412758591585e-05
nwi_chmret_leafoff,3,UPL,9,10,pit,5.229474936641054e-06
nwi_chmret_leafoff,3,overall,0,1,flat,4.040919884573668e-05
nwi_chmret_leafoff,3,overall,1,2,peak,4.338293365435675e-06
nwi_chmret_leafoff,3,overall,2,3,ridge,1.1299081961624324e-05
nwi_chmret_leafoff,3,overall,3,4,shoulder,1.5974475900293328e-05
nwi_chmret_leafoff,3,overall,4,5,spur,1.2963851986569352e-05
nwi_chmret_leafoff,3,overall,5,6,slope,4.1840314224828035e-05
nwi_chmret_leafoff,3,overall,6,7,hollow,2.361952283536084e-05
nwi_chmret_leafoff,3,overall,7,8,footslope,2.9844610253348947e-05
nwi_chmret_leafoff,3,overall,8,9,valley,2.7201998818782158e-05
nwi_chmret_leafoff,3,overall,9,10,pit,6.086509074521018e-06
nwi_chmret_leafoff,4,WET,0,1,flat,3.836061659967527e-05
nwi_chmret_leafoff,4,WET,1,2,peak,2.4246080556622474e-06
nwi_chmret_leafoff,4,WET,2,3,ridge,9.428110388398636e-06
nwi_chmret_leafoff,4,WET,3,4,shoulder,8.449401320831385e-06
nwi_chmret_leafoff,4,WET,4,5,spur,1.1143964911752846e-05
nwi_chmret_leafoff,4,WET,5,6,slope,3.9833281334722415e-05
nwi_chmret_leafoff,4,WET,6,7,hollow,2.2033786081010476e-05
nwi_chmret_leafoff,4,WET,7,8,footslope,2.037823651335202e-05
nwi_chmret_leafoff,4,WET,8,9,valley,2.5652116164565086e-05
nwi_chmret_leafoff,4,WET,9,10,pit,4.932674528390635e-06
nwi_chmret_leafoff,4,UPL,0,1,flat,4.5483673602575436e-05
nwi_chmret_leafoff,4,UPL,1,2,peak,3.248613211326301e-06
nwi_chmret_leafoff,4,UPL,2,3,ridge,1.2026652257191017e-05
nwi_chmret_leafoff,4,UPL,3,4,shoulder,1.0164490049646702e-05
nwi_chmret_leafoff,4,UPL,4,5,spur,1.4398258826986421e-05
nwi_chmret_leafoff,4,UPL,5,6,slope,4.879624611930922e-05
nwi_chmret_leafoff,4,UPL,6,7,hollow,2.7792350010713562e-05
nwi_chmret_leafoff,4,UPL,7,8,footslope,2.5085953893722035e-05
nwi_chmret_leafoff,4,UPL,8,9,valley,3.261063829995692e-05
nwi_chmret_leafoff,4,UPL,9,10,pit,6.694299372611567e-06
nwi_chmret_leafoff,4,overall,0,1,flat,4.1922146920114756e-05
nwi_chmret_leafoff,4,overall,1,2,peak,2.836610747181112e-06
nwi_chmret_leafoff,4,overall,2,3,ridge,1.0727380868047476e-05
nwi_chmret_leafoff,4,overall,3,4,shoulder,9.306945685239043e-06
nwi_chmret_leafoff,4,overall,4,5,spur,1.2771111869369633e-05
nwi_chmret_leafoff,4,overall,5,6,slope,4.431476554600522e-05
nwi_chmret_leafoff,4,overall,6,7,hollow,2.491306804586202e-05
nwi_chmret_leafoff,4,overall,7,8,footslope,2.273209611303173e-05
nwi_chmret_leafoff,4,overall,8,9,valley,2.9131377232261002e-05
nwi_chmret_leafoff,4,overall,9,10,pit,5.813486950501101e-06
nwiextra_chmret_leafoff,0,WET,0,1,flat,2.0182569642201997e-05
nwiextra_chmret_leafoff,0,WET,1,2,peak,2.2776887362851994e-06
nwiextra_chmret_leafoff,0,WET,2,3,ridge,8.776812137512024e-06
nwiextra_chmret_leafoff,0,WET,3,4,shoulder,9.404900083609391e-06
nwiextra_chmret_leafoff,0,WET,4,5,spur,1.0737926459114533e-05
nwiextra_chmret_leafoff,0,WET,5,6,slope,3.373304571141489e-05
nwiextra_chmret_leafoff,0,WET,6,7,hollow,1.0860335351026151e-05
nwiextra_chmret_leafoff,0,WET,7,8,footslope,1.2765069186571054e-05
nwiextra_chmret_leafoff,0,WET,8,9,valley,1.3225469047029037e-05
nwiextra_chmret_leafoff,0,WET,9,10,pit,2.5012298010551604e-06
nwiextra_chmret_leafoff,0,UPL,0,1,flat,1.6943657101364806e-05
nwiextra_chmret_leafoff,0,UPL,1,2,peak,2.0040261006215587e-06
nwiextra_chmret_leafoff,0,UPL,2,3,ridge,7.843051207601093e-06
nwiextra_chmret_leafoff,0,UPL,3,4,shoulder,7.898617695900612e-06
nwiextra_chmret_leafoff,0,UPL,4,5,spur,9.866859727480914e-06
nwiextra_chmret_leafoff,0,UPL,5,6,slope,3.045728044526186e-05
nwiextra_chmret_leafoff,0,UPL,6,7,hollow,9.697215318738017e-06
nwiextra_chmret_leafoff,0,UPL,7,8,footslope,1.106313993659569e-05
nwiextra_chmret_leafoff,0,UPL,8,9,valley,1.2520000382210128e-05
nwiextra_chmret_leafoff,0,UPL,9,10,pit,2.3597549443366006e-06
nwiextra_chmret_leafoff,0,overall,0,1,flat,1.8563114281278104e-05
nwiextra_chmret_leafoff,0,overall,1,2,peak,2.1408573047665413e-06
nwiextra_chmret_leafoff,0,overall,2,3,ridge,8.309931217809208e-06
nwiextra_chmret_leafoff,0,overall,3,4,shoulder,8.651759344502352e-06
nwiextra_chmret_leafoff,0,overall,4,5,spur,1.0302393093297724e-05
nwiextra_chmret_leafoff,0,overall,5,6,slope,3.209516216884367e-05
nwiextra_chmret_leafoff,0,overall,6,7,hollow,1.0278775334882084e-05
nwiextra_chmret_leafoff,0,overall,7,8,footslope,1.1914104106836021e-05
nwiextra_chmret_leafoff,0,overall,8,9,valley,1.2872735169366933e-05
nwiextra_chmret_leafoff,0,overall,9,10,pit,2.4304922590090428e-06
nwiextra_chmret_leafoff,1,WET,0,1,flat,4.049822018714622e-05
nwiextra_chmret_leafoff,1,WET,1,2,peak,3.0071382752794307e-06
nwiextra_chmret_leafoff,1,WET,2,3,ridge,1.1550390809134115e-05
nwiextra_chmret_leafoff,1,WET,3,4,shoulder,1.3964144272904377e-05
nwiextra_chmret_leafoff,1,WET,4,5,spur,1.0884099538088776e-05
nwiextra_chmret_leafoff,1,WET,5,6,slope,3.15894212690182e-05
nwiextra_chmret_leafoff,1,WET,6,7,hollow,2.3272898033610545e-05
nwiextra_chmret_leafoff,1,WET,7,8,footslope,2.042107007582672e-05
nwiextra_chmret_leafoff,1,WET,8,9,valley,2.3550475816591643e-05
nwiextra_chmret_leafoff,1,WET,9,10,pit,6.963810847082641e-06
nwiextra_chmret_leafoff,1,UPL,0,1,flat,4.011435521533713e-05
nwiextra_chmret_leafoff,1,UPL,1,2,peak,3.095127567576128e-06
nwiextra_chmret_leafoff,1,UPL,2,3,ridge,1.1822013220808003e-05
nwiextra_chmret_leafoff,1,UPL,3,4,shoulder,1.3927344298281241e-05
nwiextra_chmret_leafoff,1,UPL,4,5,spur,1.1090751286246814e-05
nwiextra_chmret_leafoff,1,UPL,5,6,slope,3.2385130907641724e-05
nwiextra_chmret_leafoff,1,UPL,6,7,hollow,2.418217991362326e-05
nwiextra_chmret_leafoff,1,UPL,7,8,footslope,2.0260649762349203e-05
nwiextra_chmret_leafoff,1,UPL,8,9,valley,2.3936783691169694e-05
nwiextra_chmret_leafoff,1,UPL,9,10,pit,7.309107786568347e-06
nwiextra_chmret_leafoff,1,overall,0,1,flat,4.030628770124167e-05
nwiextra_chmret_leafoff,1,overall,1,2,peak,3.0511328077409416e-06
nwiextra_chmret_leafoff,1,overall,2,3,ridge,1.1686202014971059e-05
nwiextra_chmret_leafoff,1,overall,3,4,shoulder,1.394574428559281e-05
nwiextra_chmret_leafoff,1,overall,4,5,spur,1.0987425412167795e-05
nwiextra_chmret_leafoff,1,overall,5,6,slope,3.198727790731937e-05
nwiextra_chmret_leafoff,1,overall,6,7,hollow,2.37275380641222e-05
nwiextra_chmret_leafoff,1,overall,7,8,footslope,2.034085991908796e-05
nwiextra_chmret_leafoff,1,overall,8,9,valley,2.3743628844385967e-05
nwiextra_chmret_leafoff,1,overall,9,10,pit,7.136459316825494e-06
nwiextra_chmret_leafoff,2,WET,0,1,flat,3.207172630936839e-05
nwiextra_chmret_leafoff,2,WET,1,2,peak,1.3302708339324454e-06
nwiextra_chmret_leafoff,2,WET,2,3,ridge,9.095780114876106e-06
nwiextra_chmret_leafoff,2,WET,3,4,shoulder,8.631921446067281e-06
nwiextra_chmret_leafoff,2,WET,4,5,spur,9.201748980558477e-06
nwiextra_chmret_leafoff,2,WET,5,6,slope,4.362923573353328e-05
nwiextra_chmret_leafoff,2,WET,6,7,hollow,1.2362839697743766e-05
nwiextra_chmret_leafoff,2,WET,7,8,footslope,1.9114646420348436e-05
nwiextra_chmret_leafoff,2,WET,8,9,valley,1.828498534450773e-05
nwiextra_chmret_leafoff,2,WET,9,10,pit,7.148195436457172e-06
nwiextra_chmret_leafoff,2,UPL,0,1,flat,4.102639650227502e-05
nwiextra_chmret_leafoff,2,UPL,1,2,peak,1.4287984413385857e-06
nwiextra_chmret_leafoff,2,UPL,2,3,ridge,9.85082624538336e-06
nwiextra_chmret_leafoff,2,UPL,3,4,shoulder,9.754915481607895e-06
nwiextra_chmret_leafoff,2,UPL,4,5,spur,1.033343232847983e-05
nwiextra_chmret_leafoff,2,UPL,5,6,slope,4.9873324314830825e-05
nwiextra_chmret_leafoff,2,UPL,6,7,hollow,1.3634370588988531e-05
nwiextra_chmret_leafoff,2,UPL,7,8,footslope,2.1237783585092984e-05
nwiextra_chmret_leafoff,2,UPL,8,9,valley,2.017755832639523e-05
nwiextra_chmret_leafoff,2,UPL,9,10,pit,7.456862022081623e-06
nwiextra_chmret_leafoff,2,overall,0,1,flat,3.654906322481111e-05
nwiextra_chmret_leafoff,2,overall,1,2,peak,1.3795346376355155e-06
nwiextra_chmret_leafoff,2,overall,2,3,ridge,9.473303180129733e-06
nwiextra_chmret_leafoff,2,overall,3,4,shoulder,9.193418009090237e-06
nwiextra_chmret_leafoff,2,overall,4,5,spur,9.767591109266505e-06
nwiextra_chmret_leafoff,2,overall,5,6,slope,4.675128002418205e-05
nwiextra_chmret_leafoff,2,overall,6,7,hollow,1.29986055981135e-05
nwiextra_chmret_leafoff,2,overall,7,8,footslope,2.017621591221541e-05
nwiextra_chmret_leafoff,2,overall,8,9,valley,1.9231272744946182e-05
nwiextra_chmret_leafoff,2,overall,9,10,pit,7.302528501895722e-06
nwiextra_chmret_leafoff,3,WET,0,1,flat,4.251965583534911e-05
nwiextra_chmret_leafoff,3,WET,1,2,peak,3.749836878341739e-06
nwiextra_chmret_leafoff,3,WET,2,3,ridge,1.2140846592956223e-05
nwiextra_chmret_leafoff,3,WET,3,4,shoulder,1.0911081517406274e-05
nwiextra_chmret_leafoff,3,WET,4,5,spur,1.4858206668577623e-05
nwiextra_chmret_leafoff,3,WET,5,6,slope,4.94406049256213e-05
nwiextra_chmret_leafoff,3,WET,6,7,hollow,2.4081478841253556e-05
nwiextra_chmret_leafoff,3,WET,7,8,footslope,2.4116725398926064e-05
nwiextra_chmret_leafoff,3,WET,8,9,valley,2.9988785172463395e-05
nwiextra_chmret_leafoff,3,WET,9,10,pit,7.06711125531001e-06
nwiextra_chmret_leafoff,3,UPL,0,1,flat,3.623120574047789e-05
nwiextra_chmret_leafoff,3,UPL,1,2,peak,2.9117593385308282e-06
nwiextra_chmret_leafoff,3,UPL,2,3,ridge,9.713819963508286e-06
nwiextra_chmret_leafoff,3,UPL,3,4,shoulder,8.85773442860227e-06
nwiextra_chmret_leafoff,3,UPL,4,5,spur,1.1819439350801986e-05
nwiextra_chmret_leafoff,3,UPL,5,6,slope,3.96268987969961e-05
nwiextra_chmret_leafoff,3,UPL,6,7,hollow,1.8950700905406848e-05
nwiextra_chmret_leafoff,3,UPL,7,8,footslope,1.8844168153009377e-05
nwiextra_chmret_leafoff,3,UPL,8,9,valley,2.311488424311392e-05
nwiextra_chmret_leafoff,3,UPL,9,10,pit,5.303950274537783e-06
nwiextra_chmret_leafoff,3,overall,0,1,flat,3.93754307879135e-05
nwiextra_chmret_leafoff,3,overall,1,2,peak,3.3307981084362837e-06
nwiextra_chmret_leafoff,3,overall,2,3,ridge,1.0927333278232254e-05
nwiextra_chmret_leafoff,3,overall,3,4,shoulder,9.884408427751623e-06
nwiextra_chmret_leafoff,3,overall,4,5,spur,1.3338823009689804e-05
nwiextra_chmret_leafoff,3,overall,5,6,slope,4.45337500423193e-05
nwiextra_chmret_leafoff,3,overall,6,7,hollow,2.1516090782824904e-05
nwiextra_chmret_leafoff,3,overall,7,8,footslope,2.148044586647302e-05
nwiextra_chmret_leafoff,3,overall,8,9,valley,2.655183561728336e-05
nwiextra_chmret_leafoff,3,overall,9,10,pit,6.185530764923897e-06
nwiextra_chmret_leafoff,4,WET,0,1,flat,6.661364022875205e-05
nwiextra_chmret_leafoff,4,WET,1,2,peak,5.55568840354681e-06
nwiextra_chmret_leafoff,4,WET,2,3,ridge,1.6590585801168345e-05
nwiextra_chmret_leafoff,4,WET,3,4,shoulder,1.8529115550336428e-05
nwiextra_chmret_leafoff,4,WET,4,5,spur,2.2334501409204677e-05
nwiextra_chmret_leafoff,4,WET,5,6,slope,6.89910157234408e-05
nwiextra_chmret_leafoff,4,WET,6,7,hollow,2.947512621176429e-05
nwiextra_chmret_leafoff,4,WET,7,8,footslope,3.700554225360975e-05
nwiextra_chmret_leafoff,4,WET,8,9,valley,3.619690687628463e-05
nwiextra_chmret_leafoff,4,WET,9,10,pit,8.23675964056747e-06
nwiextra_chmret_leafoff,4,UPL,0,1,flat,7.788932271068916e-05
nwiextra_chmret_leafoff,4,UPL,1,2,peak,6.8881404331477825e-06
nwiextra_chmret_leafoff,4,UPL,2,3,ridge,2.0233888790244237e-05
nwiextra_chmret_leafoff,4,UPL,3,4,shoulder,2.158899951609783e-05
nwiextra_chmret_leafoff,4,UPL,4,5,spur,2.686450898181647e-05
nwiextra_chmret_leafoff,4,UPL,5,6,slope,8.251186227425933e-05
nwiextra_chmret_leafoff,4,UPL,6,7,hollow,3.5636032407637686e-05
nwiextra_chmret_leafoff,4,UPL,7,8,footslope,4.253223960404284e-05
nwiextra_chmret_leafoff,4,UPL,8,9,valley,4.283922680770047e-05
nwiextra_chmret_leafoff,4,UPL,9,10,pit,1.0061272405437194e-05
nwiextra_chmret_leafoff,4,overall,0,1,flat,7.22514814697206e-05
nwiextra_chmret_leafoff,4,overall,1,2,peak,6.221914190973621e-06
nwiextra_chmret_leafoff,4,overall,2,3,ridge,1.841223638621159e-05
nwiextra_chmret_leafoff,4,overall,3,4,shoulder,2.005905844271183e-05
nwiextra_chmret_leafoff,4,overall,4,5,spur,2.4599505195510574e-05
nwiextra_chmret_leafoff,4,overall,5,6,slope,7.575143536087126e-05
nwiextra_chmret_leafoff,4,overall,6,7,hollow,3.255558112869039e-05
nwiextra_chmret_leafoff,4,overall,7,8,footslope,3.97688927478157e-05
nwiextra_chmret_leafoff,4,overall,8,9,valley,3.951806866098195e-05
nwiextra_chmret_leafoff,4,overall,9,10,pit,9.149016477749683e-06
nwifield_chmret_leafoff,0,WET,0,1,flat,5.6448334362357855e-05
nwifield_chmret_leafoff,0,WET,1,2,peak,3.853440375678474e-06
nwifield_chmret_leafoff,0,WET,2,3,ridge,1.463970238546608e-05
nwifield_chmret_leafoff,0,WET,3,4,shoulder,2.6689032893045805e-05
nwifield_chmret_leafoff,0,WET,4,5,spur,1.797427103156224e-05
nwifield_chmret_leafoff,0,WET,5,6,slope,4.017979517811909e-05
nwifield_chmret_leafoff,0,WET,6,7,hollow,1.3892908100388013e-05
nwifield_chmret_leafoff,0,WET,7,8,footslope,3.093198029091582e-05
nwifield_chmret_leafoff,0,WET,8,9,valley,2.2600095689995214e-05
nwifield_chmret_leafoff,0,WET,9,10,pit,4.49313165518106e-06
nwifield_chmret_leafoff,0,UPL,0,1,flat,5.121912545291707e-05
nwifield_chmret_leafoff,0,UPL,1,2,peak,3.5795460462395567e-06
nwifield_chmret_leafoff,0,UPL,2,3,ridge,1.3549036339099985e-05
nwifield_chmret_leafoff,0,UPL,3,4,shoulder,2.43506165134022e-05
nwifield_chmret_leafoff,0,UPL,4,5,spur,1.69072827702621e-05
nwifield_chmret_leafoff,0,UPL,5,6,slope,3.701080640894361e-05
nwifield_chmret_leafoff,0,UPL,6,7,hollow,1.3126041267241817e-05
nwifield_chmret_leafoff,0,UPL,7,8,footslope,2.824816692736931e-05
nwifield_chmret_leafoff,0,UPL,8,9,valley,2.155497895728331e-05
nwifield_chmret_leafoff,0,UPL,9,10,pit,4.294072823540773e-06
nwifield_chmret_leafoff,0,overall,0,1,flat,5.383372990763746e-05
nwifield_chmret_leafoff,0,overall,1,2,peak,3.7164932109590154e-06
nwifield_chmret_leafoff,0,overall,2,3,ridge,1.4094369362283032e-05
nwifield_chmret_leafoff,0,overall,3,4,shoulder,2.5519824703224003e-05
nwifield_chmret_leafoff,0,overall,4,5,spur,1.7440775991417468e-05
nwifield_chmret_leafoff,0,overall,5,6,slope,3.8595302612520754e-05
nwifield_chmret_leafoff,0,overall,6,7,hollow,1.3509474229067564e-05
nwifield_chmret_leafoff,0,overall,7,8,footslope,2.9590073609142564e-05
nwifield_chmret_leafoff,0,overall,8,9,valley,2.207753641414456e-05
nwifield_chmret_leafoff,0,overall,9,10,pit,4.393602466734592e-06
nwifield_chmret_leafoff,1,WET,0,1,flat,3.7332065403461456e-05
nwifield_chmret_leafoff,1,WET,1,2,peak,2.6310267458029557e-06
nwifield_chmret_leafoff,1,WET,2,3,ridge,8.235023415181786e-06
nwifield_chmret_leafoff,1,WET,3,4,shoulder,9.893875358102378e-06
nwifield_chmret_leafoff,1,WET,4,5,spur,9.768044037627988e-06
nwifield_chmret_leafoff,1,WET,5,6,slope,2.810545811371412e-05
nwifield_chmret_leafoff,1,WET,6,7,hollow,1.5106660612218548e-05
nwifield_chmret_leafoff,1,WET,7,8,footslope,2.104250233969651e-05
nwifield_chmret_leafoff,1,WET,8,9,valley,2.2320458811009303e-05
nwifield_chmret_leafoff,1,WET,9,10,pit,6.5214640017075e-06
nwifield_chmret_leafoff,1,UPL,0,1,flat,4.108814391656779e-05
nwifield_chmret_leafoff,1,UPL,1,2,peak,2.9511782031477196e-06
nwifield_chmret_leafoff,1,UPL,2,3,ridge,9.064913683687337e-06
nwifield_chmret_leafoff,1,UPL,3,4,shoulder,1.0732760529208463e-05
nwifield_chmret_leafoff,1,UPL,4,5,spur,1.0936675607808866e-05
nwifield_chmret_leafoff,1,UPL,5,6,slope,2.998029776790645e-05
nwifield_chmret_leafoff,1,UPL,6,7,hollow,1.6050438716774806e-05
nwifield_chmret_leafoff,1,UPL,7,8,footslope,2.2314172383630648e-05
nwifield_chmret_leafoff,1,UPL,8,9,valley,2.3449440050171688e-05
nwifield_chmret_leafoff,1,UPL,9,10,pit,6.898186256876215e-06
nwifield_chmret_leafoff,1,overall,0,1,flat,3.9210106479004025e-05
nwifield_chmret_leafoff,1,overall,1,2,peak,2.7911023607885e-06
nwifield_chmret_leafoff,1,overall,2,3,ridge,8.649968549434561e-06
nwifield_chmret_leafoff,1,overall,3,4,shoulder,1.031331794365542e-05
nwifield_chmret_leafoff,1,overall,4,5,spur,1.0352359822718427e-05
nwifield_chmret_leafoff,1,overall,5,6,slope,2.9042877940810286e-05
nwifield_chmret_leafoff,1,overall,6,7,hollow,1.5578549209749326e-05
nwifield_chmret_leafoff,1,overall,7,8,footslope,2.167833736166358e-05
nwifield_chmret_leafoff,1,overall,8,9,valley,2.2884949430590495e-05
nwifield_chmret_leafoff,1,overall,9,10,pit,6.709825356665533e-06
nwifield_chmret_leafoff,2,WET,0,1,flat,5.587892883340828e-05
nwifield_chmret_leafoff,2,WET,1,2,peak,3.758337015824509e-06
nwifield_chmret_leafoff,2,WET,2,3,ridge,1.7925089196069166e-05
nwifield_chmret_leafoff,2,WET,3,4,shoulder,1.7034002667060122e-05
nwifield_chmret_leafoff,2,WET,4,5,spur,2.9956569051137194e-05
nwifield_chmret_leafoff,2,WET,5,6,slope,7.080329669406638e-05
nwifield_chmret_leafoff,2,WET,6,7,hollow,2.3979258912731893e-05
nwifield_chmret_leafoff,2,WET,7,8,footslope,3.0271196010289714e-05
nwifield_chmret_leafoff,2,WET,8,9,valley,3.8338992453645915e-05
nwifield_chmret_leafoff,2,WET,9,10,pit,1.4853186257823836e-05
nwifield_chmret_leafoff,2,UPL,0,1,flat,6.454942194977775e-05
nwifield_chmret_leafoff,2,UPL,1,2,peak,3.976665993832285e-06
nwifield_chmret_leafoff,2,UPL,2,3,ridge,1.8918533896794543e-05
nwifield_chmret_leafoff,2,UPL,3,4,shoulder,1.9099465134786442e-05
nwifield_chmret_leafoff,2,UPL,4,5,spur,3.284225385868922e-05
nwifield_chmret_leafoff,2,UPL,5,6,slope,7.726437615929171e-05
nwifield_chmret_leafoff,2,UPL,6,7,hollow,2.522708018659614e-05
nwifield_chmret_leafoff,2,UPL,7,8,footslope,3.320766336400993e-05
nwifield_chmret_leafoff,2,UPL,8,9,valley,4.021348286187276e-05
nwifield_chmret_leafoff,2,UPL,9,10,pit,1.5223811715259217e-05
nwifield_chmret_leafoff,2,overall,0,1,flat,6.021417357260361e-05
nwifield_chmret_leafoff,2,overall,1,2,peak,3.8675016185152344e-06
nwifield_chmret_leafoff,2,overall,2,3,ridge,1.8421811546431854e-05
nwifield_chmret_leafoff,2,overall,3,4,shoulder,1.8066733900923282e-05
nwifield_chmret_leafoff,2,overall,4,5,spur,3.13994096359238e-05
nwifield_chmret_leafoff,2,overall,5,6,slope,7.403383642667904e-05
nwifield_chmret_leafoff,2,overall,6,7,hollow,2.460317045915872e-05
nwifield_chmret_leafoff,2,overall,7,8,footslope,3.173942968714982e-05
nwifield_chmret_leafoff,2,overall,8,9,valley,3.927623765775934e-05
nwifield_chmret_leafoff,2,overall,9,10,pit,1.5038498531794176e-05
nwifield_chmret_leafoff,3,WET,0,1,flat,5.758368206443265e-05
nwifield_chmret_leafoff,3,WET,1,2,peak,3.445270976953907e-06
nwifield_chmret_leafoff,3,WET,2,3,ridge,1.4046742762729991e-05
nwifield_chmret_leafoff,3,WET,3,4,shoulder,1.4137678590486757e-05
nwifield_chmret_leafoff,3,WET,4,5,spur,2.1248270059004426e-05
nwifield_chmret_leafoff,3,WET,5,6,slope,4.5308850531000644e-05
nwifield_chmret_leafoff,3,WET,6,7,hollow,2.0285628124838695e-05
nwifield_chmret_leafoff,3,WET,7,8,footslope,2.7453894290374592e-05
nwifield_chmret_leafoff,3,WET,8,9,valley,4.522020390140824e-05
nwifield_chmret_leafoff,3,WET,9,10,pit,9.478252650296781e-06
nwifield_chmret_leafoff,3,UPL,0,1,flat,5.006057472201064e-05
nwifield_chmret_leafoff,3,UPL,1,2,peak,2.9140392143744975e-06
nwifield_chmret_leafoff,3,UPL,2,3,ridge,1.2324421732046176e-05
nwifield_chmret_leafoff,3,UPL,3,4,shoulder,1.1798846571764443e-05
nwifield_chmret_leafoff,3,UPL,4,5,spur,1.847478051786311e-05
nwifield_chmret_leafoff,3,UPL,5,6,slope,3.9384907722705975e-05
nwifield_chmret_leafoff,3,UPL,6,7,hollow,1.7053522242349572e-05
nwifield_chmret_leafoff,3,UPL,7,8,footslope,2.353389936615713e-05
nwifield_chmret_leafoff,3,UPL,8,9,valley,3.829565321211703e-05
nwifield_chmret_leafoff,3,UPL,9,10,pit,7.806639587215614e-06
nwifield_chmret_leafoff,3,overall,0,1,flat,5.3822128393221647e-05
nwifield_chmret_leafoff,3,overall,1,2,peak,3.1796550956642022e-06
nwifield_chmret_leafoff,3,overall,2,3,ridge,1.3185582247388083e-05
nwifield_chmret_leafoff,3,overall,3,4,shoulder,1.2968263035872951e-05
nwifield_chmret_leafoff,3,overall,4,5,spur,1.9861525288433768e-05
nwifield_chmret_leafoff,3,overall,5,6,slope,4.234688094584271e-05
nwifield_chmret_leafoff,3,overall,6,7,hollow,1.8669576093088835e-05
nwifield_chmret_leafoff,3,overall,7,8,footslope,2.549389682826586e-05
nwifield_chmret_leafoff,3,overall,8,9,valley,4.1757928556762636e-05
nwifield_chmret_leafoff,3,overall,9,10,pit,8.642446118756197e-06
nwifield_chmret_leafoff,4,WET,0,1,flat,4.61935305793304e-05
nwifield_chmret_leafoff,4,WET,1,2,peak,1.4778918284719111e-06
nwifield_chmret_leafoff,4,WET,2,3,ridge,8.564117706555407e-06
nwifield_chmret_leafoff,4,WET,3,4,shoulder,1.0182424375670962e-05
nwifield_chmret_leafoff,4,WET,4,5,spur,1.5473431631107815e-05
nwifield_chmret_leafoff,4,WET,5,6,slope,4.2546424083411694e-05
nwifield_chmret_leafoff,4,WET,6,7,hollow,1.7418327843188308e-05
nwifield_chmret_leafoff,4,WET,7,8,footslope,2.1334220946300775e-05
nwifield_chmret_leafoff,4,WET,8,9,valley,2.7045232855016366e-05
nwifield_chmret_leafoff,4,WET,9,10,pit,4.76910508950823e-06
nwifield_chmret_leafoff,4,UPL,0,1,flat,5.191566742723808e-05
nwifield_chmret_leafoff,4,UPL,1,2,peak,1.7298328884862713e-06
nwifield_chmret_leafoff,4,UPL,2,3,ridge,1.002871613309253e-05
nwifield_chmret_leafoff,4,UPL,3,4,shoulder,1.1295747754047625e-05
nwifield_chmret_leafoff,4,UPL,4,5,spur,1.826908192015253e-05
nwifield_chmret_leafoff,4,UPL,5,6,slope,4.922293737763539e-05
nwifield_chmret_leafoff,4,UPL,6,7,hollow,2.034013050433714e-05
nwifield_chmret_leafoff,4,UPL,7,8,footslope,2.3134334696806036e-05
nwifield_chmret_leafoff,4,UPL,8,9,valley,3.041589843633119e-05
nwifield_chmret_leafoff,4,UPL,9,10,pit,5.529253030545078e-06
nwifield_chmret_leafoff,4,overall,0,1,flat,4.905460082227364e-05
nwifield_chmret_leafoff,4,overall,1,2,peak,1.6038623016356723e-06
nwifield_chmret_leafoff,4,overall,2,3,ridge,9.296416465076618e-06
nwifield_chmret_leafoff,4,overall,3,4,shoulder,1.0739086064859293e-05
nwifield_chmret_leafoff,4,overall,4,5,spur,1.6871257685124874e-05
nwifield_chmret_leafoff,4,overall,5,6,slope,4.588468073052354e-05
nwifield_chmret_leafoff,4,overall,6,7,hollow,1.8879229173762724e-05
nwifield_chmret_leafoff,4,overall,7,8,footslope,2.2234278731048107e-05
nwifield_chmret_leafoff,4,overall,8,9,valley,2.873056655516848e-05
nwifield_chmret_leafoff,4,overall,9,10,pit,5.149178832652979e-06
